# Host: 127.0.0.1  (Version: 5.5.59)
# Date: 2018-07-09 09:23:17
# Generator: MySQL-Front 5.3  (Build 4.13)

/*!40101 SET NAMES utf8 */;

#
# Source for table "adminuser"
#

CREATE TABLE `adminuser` (
  `uid` int(11) NOT NULL AUTO_INCREMENT,
  `username` varchar(20) DEFAULT NULL,
  `password` varchar(20) DEFAULT NULL,
  PRIMARY KEY (`uid`)
) ENGINE=InnoDB AUTO_INCREMENT=2 DEFAULT CHARSET=utf8;

#
# Data for table "adminuser"
#

INSERT INTO `adminuser` VALUES (1,'admin','admin');

#
# Source for table "category"
#

CREATE TABLE `category` (
  `cid` int(11) NOT NULL AUTO_INCREMENT,
  `cname` varchar(50) DEFAULT NULL,
  PRIMARY KEY (`cid`)
) ENGINE=InnoDB AUTO_INCREMENT=10 DEFAULT CHARSET=utf8;

#
# Data for table "category"
#

INSERT INTO `category` VALUES (1,'走进学会'),(2,'新闻中心'),(3,'组织管理'),(4,'学术交流与合作'),(5,'转化医学中心'),(7,'加入学会'),(8,'联系我们'),(9,'走向社会');

#
# Source for table "categorysecond"
#

CREATE TABLE `categorysecond` (
  `csid` int(11) NOT NULL AUTO_INCREMENT,
  `csname` varchar(50) DEFAULT NULL,
  `cid` int(11) DEFAULT NULL,
  PRIMARY KEY (`csid`),
  KEY `FKh1rpx0qlb42dq81f2v1ow5oqh` (`cid`),
  CONSTRAINT `FKh1rpx0qlb42dq81f2v1ow5oqh` FOREIGN KEY (`cid`) REFERENCES `category` (`cid`)
) ENGINE=InnoDB AUTO_INCREMENT=35 DEFAULT CHARSET=utf8;

#
# Data for table "categorysecond"
#

INSERT INTO `categorysecond` VALUES (1,'关于学会',2),(2,'工作范围',1),(3,'历史循迹',1),(4,'学会发展',1),(5,'通知公告',2),(6,'学会新闻',2),(7,'行业新闻',2),(8,'专题报道',2),(9,'学会章程',3),(10,'学会宣言',3),(11,'组织机构',3),(12,'管理原则',3),(13,'主委风采',3),(14,'学术年会',4),(15,'学术巡讲与交流',4),(16,'电子期刊',4),(17,'科普教育',4),(18,'临床会诊与教学',5),(19,'临床试验',5),(20,'创新与发明',5),(21,'干细胞治疗',5),(22,'重大课题目录',5),(27,'会员管理',7),(28,'入会申请',7),(29,'公益捐助',7),(30,'志愿者招募',7),(31,'未来计划',7),(32,'秘书处',8),(33,'教学网络',8),(34,'学术年会22',9);

#
# Source for table "contentbottom"
#

CREATE TABLE `contentbottom` (
  `cbid` int(11) NOT NULL AUTO_INCREMENT,
  `bcontent` varchar(200) DEFAULT NULL,
  PRIMARY KEY (`cbid`)
) ENGINE=InnoDB AUTO_INCREMENT=6 DEFAULT CHARSET=utf8;

#
# Data for table "contentbottom"
#

INSERT INTO `contentbottom` VALUES (1,'2017宣武老年医学国际论坛—— 中国AD临床前期联盟论坛胜利召开'),(2,'北京神经变性病学会成功举办《第二届神经心理量表培训班》'),(3,'北京神经变性病学会正式成立'),(4,'北京神经变性病学会第一届学术会议、中国微循环学会神经变性病专业委员会第五届学术年会暨第二届北京国际神经变性病学术大会报'),(5,'金秋十月丨韩璎教授团队再次为您带来精彩的学术盛宴！');

#
# Source for table "contenttop"
#

CREATE TABLE `contenttop` (
  `ctid` int(11) NOT NULL AUTO_INCREMENT,
  `tcontent` varchar(200) DEFAULT NULL,
  PRIMARY KEY (`ctid`)
) ENGINE=InnoDB AUTO_INCREMENT=9 DEFAULT CHARSET=utf8;

#
# Data for table "contenttop"
#

INSERT INTO `contenttop` VALUES (1,'京-珠老年医学高峰论坛暨第四届神经心理量表培训班第一轮通知'),(2,'京-鲁高峰论坛暨第四届神经心理量表培训班第三轮通知'),(3,'北京神经变性病学会门户网站第二版正式上线，欢迎大家访问！123'),(4,'第一届西部认知神经科学与影像技术高峰论坛暨第三届神经心理量表培训班第十轮通知'),(5,'第一届西部认知神经科学与影像技术高峰暨第三届神经心理量表培训班第九轮通知'),(6,'科研选题与实验设计高端研讨会第五轮通知'),(7,'第一届西部认知神经科学与影像技术高峰论坛暨第三届神经心理量表培训班（第五轮通知）'),(8,'中德“阿尔兹海默病临床前期研究的中德跨文化一致性”双边研讨会11');

#
# Source for table "announinfo"
#

CREATE TABLE `announinfo` (
  `aid` int(11) NOT NULL AUTO_INCREMENT,
  `announNews` varchar(21800) DEFAULT NULL,
  `ctid` int(11) DEFAULT NULL,
  PRIMARY KEY (`aid`),
  KEY `FKhcmqg1fqvrammwl961yuij2eb` (`ctid`),
  CONSTRAINT `FKhcmqg1fqvrammwl961yuij2eb` FOREIGN KEY (`ctid`) REFERENCES `contenttop` (`ctid`)
) ENGINE=InnoDB AUTO_INCREMENT=9 DEFAULT CHARSET=utf8;

#
# Data for table "announinfo"
#

INSERT INTO `announinfo` VALUES (1,' <h4 align=\"center\"><s:property value=\"tContent\"/></h4>\r\n\t\t\t\t\t\t<h5 align=\"center\">&nbsp;&nbsp;2017-11-24 03:20</h5>\r\n\t\t\t\t\t\t<p><p><br/></p><p style=\"text-indent: 2em;\"><span style=\"text-indent: 32px;\">通知详<span style=\"text-indent: 32px; font-size: 16px;\">情请下载“</span></span><img src=\"http://icrcnpd.com/MCMS/static/plugins/ueditor/1.4.3.1/dialogs/attachment/fileTypeImages/icon_pdf.gif\" style=\"vertical-align: middle; margin-right: 2px;\"/><a href=\"/MCMS/upload/1/editor/1511508010595.pdf\" title=\"京珠老年医学高峰论坛暨第四届神经心理量表培训班第一轮通知.pdf\" style=\"color: rgb(0, 102, 204); font-size: 16px; text-decoration: underline;\"><span style=\"font-size: 16px;\">京珠老年医学高峰论坛暨第四届神经心理量表培训班第一轮通知.pdf</span></a><span style=\"font-size: 16px;\"><span style=\"font-size: 16px; text-indent: 2em;\"></span>”<span style=\"font-size: 16px; text-indent: 2em;\">。</span></span></p> ',1),(2,'京-鲁高峰论坛暨第四届神经心理量表培训班第三轮通知\r\n  2017-11-19 02:26\r\n\r\n\r\n通知详情请下载“第一届京-鲁高峰论坛暨第四届神经心理量表培训班第三轮通知-20171105.pdf”。',2),(3,'北京神经变性病学会门户网站第二版正式上线，欢迎大家访问！\r\n  2017-06-01 12:00\r\n\r\n\r\n 请大家多提意见（意见可以发到这个邮箱：2248950919@qq.com），我们将在该门户网站的第二版升级上考虑大家的修改建议，谢谢大家！',NULL),(4,'第一届西部认知神经科学与影像技术高峰论坛暨第三届神经心理量表培训班第十轮通知\r\n  2017-11-07 08:48\r\n\r\n\r\nhttps://server.9yuntu.cn/doc/jiqY1onkVJmzxoq3NtROuG?yuntuFrom=qq\r\n\r\n第一届西部认知神经科学与影像技术高峰暨第三届神经心理量表培训班第十轮通知.pdf',4),(5,'第一届西部认知神经科学与影像技术高峰暨第三届神经心理量表培训班第九轮通知\r\n  2017-11-07 12:32\r\n\r\n\r\n2017年11月9日至11日，第一届西部认知神经科学与影像技术高峰暨第三届神经心理量表培训班将在成都举行，详情请查看附件。\r\n\r\n\r\n\r\n第一届西部认知神经科学与影像技术高峰暨第三届神经心理量表培训班第九轮通知.pdf',5),(6,'科研选题与实验设计高端研讨会第五轮通知\r\n  2017-11-05 10:27\r\n\r\n\r\n国自然的成功申请是科学研究的基石和保障，不仅是对研究项目的肯定，更是为深入研究提供了物质基础。但每年国自然的申请人数众多，而成功率却较低。2018年国自然申请马上将要提上日程，那么您做好准备了吗？您了解国自然的申请流程和评审过程吗？您知道国自然申报有哪些“陷阱”吗？您想得到“过来人”专家的指导吗？\r\n\r\n为使广大科研与临床人员更好地了解国自然申报技巧和撰写思路，提高申请成功率，北京神经变性病学会将于2017年12月16日-17日于北京商务会馆主办“科研选题与实验设计高端研讨会”，此次高端研讨会将邀请资深专家“现身说法”；若携带标书参加研讨会，将会获得更大的收获。\r\n\r\n \r\n\r\n会议时间：2017年12月16日-17日\r\n\r\n会议地点：北京商务会馆\r\n\r\n地址：北京市丰台区右安门外玉林里1号\r\n\r\n报名费：5000元，含培训课件，提供外地学员住宿（16日晚上）、16日晚餐和17日午餐\r\n\r\n \r\n\r\n对公缴费账号：\r\n\r\n账户：北京神经变性病学会；\r\n\r\n开户行：中国工商银行股份有限公司北京白广路支行；\r\n\r\n账号0200080109200039432\r\n\r\n拒绝现场缴费，谢绝录像！\r\n\r\n \r\n\r\n北京神经变性病学会\r\n\r\n20171102\r\n\r\n \r\n\r\n课程安排\r\n\r\n20171216\r\n\r\n14:00-14:50重点项目申报技巧......中国科学院自动化所田捷教授\r\n\r\n14:50-15:10答疑\r\n\r\n15:10-16:00面上项目申报技巧......北京师范大学认知神经与学习国家重点实验室贺永教授\r\n\r\n16:00-16:00答疑\r\n\r\n16:00-16:50优青申报技巧......首都医科大学宣武医院放射科主任卢洁教授\r\n\r\n16:50-17:00答疑\r\n\r\n17:00-19:00 晚餐（自助餐）\r\n\r\n \r\n\r\n20171217\r\n\r\n8:30-9:30标书撰写技巧......四川大学华西医院龚启勇教授\r\n\r\n9:30-9:50答疑\r\n\r\n9:50-10:05茶歇\r\n\r\n10:05-11:05面上、青年、地区基金的研究设计思路……首都医科大学附属北京天坛医院神经内科王伊龙教授\r\n\r\n11:05-11:25 答疑\r\n\r\n11:30-13:00午餐（自助餐）后撤离',6),(7,'第一届西部认知神经科学与影像技术高峰论坛暨第三届神经心理量表培训班（第五轮通知）\r\n  2017-11-05 10:20\r\n\r\n\r\n世界上每3秒种就有一个新发痴呆，全世界现有5千万痴呆患者，但是仅有10%的痴呆患者得到诊断和治疗。随着人口的老龄化，认知障碍患者日益增多，痴呆患者的照料负担也日益严峻。因此，世界卫生组织（WHO）于今年5月正式采纳痴呆全球计划，号召各国政府积极推进痴呆的认识与治疗工作。\r\n\r\n基于此现状需求，北京神经变性病学会、神经精神疾病国际合作研究中心、国家老年疾病临床医学研究中心- 中国 AD 临床前期联盟主办，成都市第五人民医院承办，于今年 11 月 9日 —11月 11 日在成都置信假期酒店召开第一届西部认知神经科学与影像技术高峰论坛暨第三届神经心理量表培训班。\r\n\r\n本次会议将邀请国内外知名专家予以授课。同时，本次会议将举办神经心理培训精品班，将北京的神经心理量表培训班移植西部，让西部广大医务工作者就近学习。\r\n\r\n2017年11月9日全天报到，领取资料（包括课件、常用神经心理量表、操作手册、带历届培训班视频的u盘、神经心理量表培训结业证书），会议费注册费3200元，含10日、11日中午工作餐，不包括交通与住宿。公费报销，可开发票：3200元每位。团体（4人以上）/ 学生注册，可以享受五折优惠。拒绝现场缴费。欢迎全国同道踊跃报名。账户名称：北京神经变性病学会；账号：0200080109200039432 开户行：中国工商银行股份有限公司北京白广路支行\r\n\r\n      主办：北京神经变性病学会\r\n\r\n            神经精神疾病国际合作研究中心\r\n\r\n            国家老年疾病临床医学研究中心-中国AD临床前期联盟\r\n\r\n      承办：成都市第五人民医院\r\n\r\n            2017年10月5日\r\n\r\n扫描二维码填全需要的信息完成报名，然后学会秘书王小琪会根据您提供的微信号联系您，或者您直接添加她的微信号，把转账成功的截屏（银行回单）发给她，谢谢支持',NULL),(8,'中德“阿尔兹海默病临床前期研究的中德跨文化一致性”双边研讨会\r\n  2017-11-05 10:14\r\n\r\n\r\n\r\n\r\n\r\n\r\n\r\n\r\nhttp://q.eqxiu.com/s/4Ft2J32o?share_level=6&from_user=654326e4-5b88-4332-a05f-6180dceeeb40&from_id=b89102bf-8dd2-4c0c-8400-26aad81c4046&share_time=1509830620009&from=timeline&isappinstalled=0 ',NULL);

#
# Source for table "insidenews"
#

CREATE TABLE `insidenews` (
  `nid` int(11) NOT NULL AUTO_INCREMENT,
  `newscontent` varchar(100) DEFAULT NULL,
  PRIMARY KEY (`nid`)
) ENGINE=InnoDB AUTO_INCREMENT=3 DEFAULT CHARSET=utf8;

#
# Data for table "insidenews"
#

INSERT INTO `insidenews` VALUES (1,'宣医新闻|国家老年疾病临床医学研究中心在宣武医院揭牌'),(2,'2017年宣武医院痴呆与认知障碍学习班成功举办');

#
# Source for table "pageinfo"
#

CREATE TABLE `pageinfo` (
  `pid` int(11) NOT NULL AUTO_INCREMENT,
  `pContent` varchar(21800) DEFAULT NULL,
  `csid` int(11) DEFAULT NULL,
  PRIMARY KEY (`pid`),
  KEY `FKq7a0j6pydylyswrc5ent4vj19` (`csid`),
  CONSTRAINT `FKq7a0j6pydylyswrc5ent4vj19` FOREIGN KEY (`csid`) REFERENCES `categorysecond` (`csid`)
) ENGINE=InnoDB AUTO_INCREMENT=23 DEFAULT CHARSET=utf8;

#
# Data for table "pageinfo"
#

INSERT INTO `pageinfo` VALUES (1,'中国微循环学会神经变性病专业委员会发起主办的“神经变性疾病防治临床教育中国行”在南华大学附属第一医院首讲成功。',8),(2,'<p>中国微循环学会神经变性病专业委员会于2013年12月在北京成立。三年来致力于国内外神经变性病领域的学术交流、科研创新、基层医生培训、教育及患者科普推广，倍受各位专家同道的支持，已成功举办两届学术年会。回顾历届会议，业界知名院士、国内外顶级专家学者进行了精彩丰富的演讲，就神经变性病的致病原因、发病机理、临床诊治、预防控制以及技术创新等诸多问题进行深入探讨，令众多参会者受益匪浅，也激励了广大中青年专家对神经变性病领域的探索热情。</p>',14),(3,'学术巡讲是中国微循环学会神经变性病专业委员会组织开展的重要学术交流活动之一，旨在通过专家巡讲和临床指导提高医疗机构对于神经变性病的诊疗水平，并依托专委会丰富的专家资源和医疗经验，建立具有临床教学或会诊功能的远程医疗服务体系。',15),(4,'近年来，神经变性病在世界范围内发病均呈逐年上升趋势，正在发展成为影响人们生命和健康的重大病种。结合神经变性病的发病原理与特点，专委会经过深入调查和研究，提出以防代治、防治同步的诊治方针，并借助专委会强大的专家团队力量，由此发起深入社区的神经变性病自查预防公益巡讲和医疗义诊慈善活动，提早开展患者教育，减少发病概率。',17),(5,'<p style=\"margin-top: 0px; margin-bottom: 0px; padding: 0px; text-indent: 28px;\"><span style=\"margin: 0px; padding: 0px; font-family: 宋体; background-image: initial; background-position: initial; background-size: initial; background-repeat: initial; background-attachment: initial; background-origin: initial; background-clip: initial;\">aaa 中国微循环学会神经变性病专业委员会（&nbsp;</span><span style=\"margin: 0px; padding: 0px; font-family: &quot;Times New Roman&quot;, serif; background-image: initial; background-position: initial; background-size: initial; background-repeat: initial; background-attachment: initial; background-origin: initial; background-clip: initial;\">Chinese Society of Microcirculation Neurodegenerative Diseases Committee&nbsp;</span><span style=\"margin: 0px; padding: 0px; font-family: 宋体; background-image: initial; background-position: initial; background-size: initial; background-repeat: initial; background-attachment: initial; background-origin: initial; background-clip: initial;\">，&nbsp;</span><span style=\"margin: 0px; padding: 0px; font-family: 宋体; background-image: initial; background-position: initial; background-size: initial; background-repeat: initial; background-attachment: initial; background-origin: initial; background-clip: initial;\">简称&nbsp;</span><span style=\"margin: 0px; padding: 0px; font-family: &quot;Times New Roman&quot;, serif; background-image: initial; background-position: initial; background-size: initial; background-repeat: initial; background-attachment: initial; background-origin: initial; background-clip: initial;\">CSMNDDC&nbsp;</span><span style=\"margin: 0px; padding: 0px; font-family: 宋体; background-image: initial; background-position: initial; background-size: initial; background-repeat: initial; background-attachment: initial; background-origin: initial; background-clip: initial;\">）是由中国微循环学会依法批准设立的二级专业学会，致力于神经变性病领域的学术研讨、技术创新、临床实践以及交流协作等，以提高我国神经变性病的应对能力和治疗水平，更好地服务于人民健康。</span></p><p style=\"margin-top: 0px; margin-bottom: 0px; padding: 0px; text-indent: 28px;\"><span style=\"margin: 0px; padding: 0px; font-family: 宋体; background-image: initial; background-position: initial; background-size: initial; background-repeat: initial; background-attachment: initial; background-origin: initial; background-clip: initial;\">中国微循环学会是从事微循环领域相关研究和学术交流的国家一级学会，发起成立于&nbsp;</span><span style=\"margin: 0px; padding: 0px; font-family: &quot;Times New Roman&quot;, serif; background-image: initial; background-position: initial; background-size: initial; background-repeat: initial; background-attachment: initial; background-origin: initial; background-clip: initial;\">1993&nbsp;</span><span style=\"margin: 0px; padding: 0px; font-family: 宋体; background-image: initial; background-position: initial; background-size: initial; background-repeat: initial; background-attachment: initial; background-origin: initial; background-clip: initial;\">年，英文名称&nbsp;</span><span style=\"margin: 0px; padding: 0px; font-family: &quot;Times New Roman&quot;, serif; background-image: initial; background-position: initial; background-size: initial; background-repeat: initial; background-attachment: initial; background-origin: initial; background-clip: initial;\">Chinese Society of Microcirculation</span><span style=\"margin: 0px; padding: 0px; font-family: 宋体; background-image: initial; background-position: initial; background-size: initial; background-repeat: initial; background-attachment: initial; background-origin: initial; background-clip: initial;\">（简称&nbsp;</span><span style=\"margin: 0px; padding: 0px; font-family: &quot;Times New Roman&quot;, serif; background-image: initial; background-position: initial; background-size: initial; background-repeat: initial; background-attachment: initial; background-origin: initial; background-clip: initial;\">CSM&nbsp;</span><span style=\"margin: 0px; padding: 0px; font-family: 宋体; background-image: initial; background-position: initial; background-size: initial; background-repeat: initial; background-attachment: initial; background-origin: initial; background-clip: initial;\">），首任理事长由时任国际微循环学会联合会常委、亚洲微循环联盟主席、中国医学科学院微循环研究所所长修瑞娟教授担任，并于同年加入了亚洲微循环联盟以及世界微循环学会联合会。现任理事长为中国工程院院士、中国医学科学院协和医科大学副院校长、分子肿瘤学国家重点实验室主任詹启敏教授。</span></p><p style=\"margin-top: 0px; margin-bottom: 0px; padding: 0px; text-indent: 28px;\"><span style=\"margin: 0px; padding: 0px; font-family: 宋体; background-image: initial; background-position: initial; background-size: initial; background-repeat: initial; background-attachment: initial; background-origin: initial; background-clip: initial;\">中国微循环学会神经变性病专业委员会于&nbsp;</span><span style=\"margin: 0px; padding: 0px; font-family: &quot;Times New Roman&quot;, serif; background-image: initial; background-position: initial; background-size: initial; background-repeat: initial; background-attachment: initial; background-origin: initial; background-clip: initial;\">2013&nbsp;</span><span style=\"margin: 0px; padding: 0px; font-family: 宋体; background-image: initial; background-position: initial; background-size: initial; background-repeat: initial; background-attachment: initial; background-origin: initial; background-clip: initial;\">年，在学会的直接指导，尤其是詹启敏理事长的关怀和支持下顺利成立，北京协和医院神经科李延峰教授当选为第一届主任委员。本着严谨求实、科学进步和人道关爱的医学理念，专业委员会全体会员将在人类神经变性病的临床防治、技术创新等领域贡献自己的力量。</span></p><p><br/></p>',1),(6,'<p style=\"margin-top: 0px; margin-bottom: 0px; padding: 0px; text-indent: 28px;\">\n    <span style=\"margin: 0px; padding: 0px; font-family: 宋体; background-image: initial; background-position: initial; background-size: initial; background-repeat: initial; background-attachment: initial; background-origin: initial; background-clip: initial;\">神经变性病(&nbsp;</span><span style=\"margin: 0px; padding: 0px; font-family: &quot;Times New Roman&quot;, serif; background-image: initial; background-position: initial; background-size: initial; background-repeat: initial; background-attachment: initial; background-origin: initial; background-clip: initial;\">Neurodegenerative Diseases&nbsp;</span><span style=\"margin: 0px; padding: 0px; font-family: 宋体; background-image: initial; background-position: initial; background-size: initial; background-repeat: initial; background-attachment: initial; background-origin: initial; background-clip: initial;\">) 是指由于神经元变性、凋亡所导致的神经系统退行性疾病。神经变性病主要有痴呆类疾病，包括阿尔茨海默病及各种类型痴呆；运动障碍疾病包括帕金森病及帕金森综合征或叠加综合征；运动神经元疾病如肌萎缩侧缩硬化等，以及其它各种遗传代谢相关的神经系统变性病。这些疾病多数发生在中老年，且随着年龄增加，发病率成倍数增加，临床表现多隐袭起病，病程缓慢进展且不可逆，可持续多年甚至十几年或更长，目前尚无可以阻滞病情进展的有效药物治疗，因而给患者家庭和社会带来严重的经济和日常生活负担。</span>\n</p>\n<p style=\"margin-top: 0px; margin-bottom: 0px; padding: 0px; text-indent: 28px;\">\n    <span style=\"margin: 0px; padding: 0px; font-family: 宋体; background-image: initial; background-position: initial; background-size: initial; background-repeat: initial; background-attachment: initial; background-origin: initial; background-clip: initial;\">随着我国老年社会提前到来，神经变性病患病率均呈逐年上升趋势，已经发展成为影响人们生命和健康的重大病种，对我国的经济发展产生极为不利的影响。近年来，中国微循环学会神经变性病专业委员立足于世界神经医学发展的现状，借鉴无数医疗先驱者宝贵的科研与临床经验，力争在神经变性病的发病机理、临床治疗、综合防治等领域取得突破性进展，探索出一条适合于我国医疗体制的创新发展之路。</span>\n</p>\n<p>\n    <br/>\n</p>',2),(7,'<p style=\"margin-top: 0px; margin-bottom: 0px; padding: 0px; text-indent: 28px;\">\n    <span style=\"margin: 0px; padding: 0px; font-family: &quot;Times New Roman&quot;, serif; background-image: initial; background-position: initial; background-size: initial; background-repeat: initial; background-attachment: initial; background-origin: initial; background-clip: initial;\">2013&nbsp;</span><span style=\"margin: 0px; padding: 0px; font-family: 宋体; background-image: initial; background-position: initial; background-size: initial; background-repeat: initial; background-attachment: initial; background-origin: initial; background-clip: initial;\">年</span>\n</p>\n<p style=\"margin-top: 0px; margin-bottom: 0px; padding: 0px; text-indent: 28px;\">\n    <span style=\"margin: 0px; padding: 0px; font-family: 宋体; background-image: initial; background-position: initial; background-size: initial; background-repeat: initial; background-attachment: initial; background-origin: initial; background-clip: initial;\">中国微循环学会神经变性病专业委员会在中国首都北京创会成立，北京协和医院神经科李延峰教授担任第一届主任委员，同时召开成立大会、新闻发布会暨第一届学术年会，标志着我国又一个国家级神经变性病专业学术研讨与交流机构扬帆起航。</span>\n</p>\n<p style=\"margin-top: 0px; margin-bottom: 0px; padding: 0px; text-indent: 28px;\">\n    <span style=\"margin: 0px; padding: 0px; font-family: 宋体; background-image: initial; background-position: initial; background-size: initial; background-repeat: initial; background-attachment: initial; background-origin: initial; background-clip: initial;\">中国微循环学会神经变性病专业委员会第一家临床会诊与教学中心落户北京航天总医院。同年，第二家临床会诊与教学中心落户北京航空总医院。</span>\n</p>\n<p style=\"margin-top: 0px; margin-bottom: 0px; padding: 0px; text-indent: 28px;\">\n    <span style=\"margin: 0px; padding: 0px; font-family: &quot;Times New Roman&quot;, serif; background-image: initial; background-position: initial; background-size: initial; background-repeat: initial; background-attachment: initial; background-origin: initial; background-clip: initial;\">2014&nbsp;</span><span style=\"margin: 0px; padding: 0px; font-family: 宋体; background-image: initial; background-position: initial; background-size: initial; background-repeat: initial; background-attachment: initial; background-origin: initial; background-clip: initial;\">年</span>\n</p>\n<p style=\"margin-top: 0px; margin-bottom: 0px; padding: 0px; text-indent: 28px;\">\n    <span style=\"margin: 0px; padding: 0px; font-family: 宋体; background-image: initial; background-position: initial; background-size: initial; background-repeat: initial; background-attachment: initial; background-origin: initial; background-clip: initial;\">中国微循环学会神经变性病专业委员会第二届学术年会暨阿尔茨海默病分子发病机制和神经网络国际学术交流会在湖南长沙成功举办。</span>\n</p>\n<p style=\"margin-top: 0px; margin-bottom: 0px; padding: 0px; text-indent: 28px;\">\n    <span style=\"margin: 0px; padding: 0px; font-family: 宋体; background-image: initial; background-position: initial; background-size: initial; background-repeat: initial; background-attachment: initial; background-origin: initial; background-clip: initial;\">中国微循环学会神经变性病专业委员会常务委员会召开，完成常务委员、委员和青年委员增补，专委会会员总人数突破&nbsp;</span><span style=\"margin: 0px; padding: 0px; font-family: &quot;Times New Roman&quot;, serif; background-image: initial; background-position: initial; background-size: initial; background-repeat: initial; background-attachment: initial; background-origin: initial; background-clip: initial;\">300&nbsp;</span><span style=\"margin: 0px; padding: 0px; font-family: 宋体; background-image: initial; background-position: initial; background-size: initial; background-repeat: initial; background-attachment: initial; background-origin: initial; background-clip: initial;\">人。</span>\n</p>\n<p style=\"margin-top: 0px; margin-bottom: 0px; padding: 0px; text-indent: 28px;\">\n    <span style=\"margin: 0px; padding: 0px; font-family: &quot;Times New Roman&quot;, serif; background-image: initial; background-position: initial; background-size: initial; background-repeat: initial; background-attachment: initial; background-origin: initial; background-clip: initial;\">2015&nbsp;</span><span style=\"margin: 0px; padding: 0px; font-family: 宋体; background-image: initial; background-position: initial; background-size: initial; background-repeat: initial; background-attachment: initial; background-origin: initial; background-clip: initial;\">年</span>\n</p>\n<p style=\"margin-top: 0px; margin-bottom: 0px; padding: 0px; text-indent: 28px;\">\n    <span style=\"margin: 0px; padding: 0px; font-family: 宋体; background-image: initial; background-position: initial; background-size: initial; background-repeat: initial; background-attachment: initial; background-origin: initial; background-clip: initial;\">中国微循环学会神经变性病专业委员会在首都医科大学附属北京安贞医院成功发起主办《北京痴呆国际研讨会》。</span>\n</p>\n<p style=\"margin-top: 0px; margin-bottom: 0px; padding: 0px; text-indent: 28px;\">\n    <span style=\"margin: 0px; padding: 0px; font-family: 宋体; background-image: initial; background-position: initial; background-size: initial; background-repeat: initial; background-attachment: initial; background-origin: initial; background-clip: initial;\">中国微循环学会神经变性病专业委员会发起主办的“神经变性疾病防治临床教育中国行”在南华大学附属第一医院首讲成功。</span>\n</p>\n<p style=\"margin-top: 0px; margin-bottom: 0px; padding: 0px; text-indent: 28px;\">\n    <span style=\"margin: 0px; padding: 0px; font-family: 宋体; background-image: initial; background-position: initial; background-size: initial; background-repeat: initial; background-attachment: initial; background-origin: initial; background-clip: initial;\">中国微循环学会神经变性病专业委员会第三家临床会诊与教学中心落户南华大学附属第一医院。</span>\n</p>\n<p style=\"margin-top: 0px; margin-bottom: 0px; padding: 0px; text-indent: 28px;\">\n    <span style=\"margin: 0px; padding: 0px; font-family: 宋体; background-image: initial; background-position: initial; background-size: initial; background-repeat: initial; background-attachment: initial; background-origin: initial; background-clip: initial;\">中国微循环学会神经变性病专业委员会联合中卫华医医疗技术有限公司共同成立首个细胞医学实验室落户北京航天总医院。</span>\n</p>\n<p style=\"margin-top: 0px; margin-bottom: 0px; padding: 0px; text-indent: 28px;\">\n    <span style=\"margin: 0px; padding: 0px; font-family: 宋体; background-image: initial; background-position: initial; background-size: initial; background-repeat: initial; background-attachment: initial; background-origin: initial; background-clip: initial;\">中国微循环学会神经变性病专业委员会第三届学术年会即将于&nbsp;</span><span style=\"margin: 0px; padding: 0px; font-family: &quot;Times New Roman&quot;, serif; background-image: initial; background-position: initial; background-size: initial; background-repeat: initial; background-attachment: initial; background-origin: initial; background-clip: initial;\">2015&nbsp;</span><span style=\"margin: 0px; padding: 0px; font-family: 宋体; background-image: initial; background-position: initial; background-size: initial; background-repeat: initial; background-attachment: initial; background-origin: initial; background-clip: initial;\">年&nbsp;</span><span style=\"margin: 0px; padding: 0px; font-family: &quot;Times New Roman&quot;, serif; background-image: initial; background-position: initial; background-size: initial; background-repeat: initial; background-attachment: initial; background-origin: initial; background-clip: initial;\">10&nbsp;</span><span style=\"margin: 0px; padding: 0px; font-family: 宋体; background-image: initial; background-position: initial; background-size: initial; background-repeat: initial; background-attachment: initial; background-origin: initial; background-clip: initial;\">月&nbsp;</span><span style=\"margin: 0px; padding: 0px; font-family: &quot;Times New Roman&quot;, serif; background-image: initial; background-position: initial; background-size: initial; background-repeat: initial; background-attachment: initial; background-origin: initial; background-clip: initial;\">23&nbsp;</span><span style=\"margin: 0px; padding: 0px; font-family: 宋体; background-image: initial; background-position: initial; background-size: initial; background-repeat: initial; background-attachment: initial; background-origin: initial; background-clip: initial;\">日~&nbsp;</span><span style=\"margin: 0px; padding: 0px; font-family: &quot;Times New Roman&quot;, serif; background-image: initial; background-position: initial; background-size: initial; background-repeat: initial; background-attachment: initial; background-origin: initial; background-clip: initial;\">25&nbsp;</span><span style=\"margin: 0px; padding: 0px; font-family: 宋体; background-image: initial; background-position: initial; background-size: initial; background-repeat: initial; background-attachment: initial; background-origin: initial; background-clip: initial;\">日在中国天津拉开帷幕……</span>\n</p>\n<p>\n    <br/>\n</p>',3),(8,'<p style=\"margin-top: 0px; margin-bottom: 0px; padding: 0px; text-indent: 28px;\">\n    <span style=\"margin: 0px; padding: 0px; font-family: 宋体; background-image: initial; background-position: initial; background-size: initial; background-repeat: initial; background-attachment: initial; background-origin: initial; background-clip: initial;\">总体目标</span>\n</p>\n<p style=\"margin-top: 0px; margin-bottom: 0px; padding: 0px; text-indent: 28px;\">\n    <span style=\"margin: 0px; padding: 0px; font-family: 宋体; background-image: initial; background-position: initial; background-size: initial; background-repeat: initial; background-attachment: initial; background-origin: initial; background-clip: initial;\">建设成为专业化、实用化及国际化的神经变性病学术交流平台</span>\n</p>\n<p style=\"margin-top: 0px; margin-bottom: 0px; padding: 0px; text-indent: 28px;\">\n    <span style=\"margin: 0px; padding: 0px; font-family: 宋体; background-image: initial; background-position: initial; background-size: initial; background-repeat: initial; background-attachment: initial; background-origin: initial; background-clip: initial;\">专业化发展方向</span>\n</p>\n<p style=\"margin-top: 0px; margin-bottom: 0px; padding: 0px; text-indent: 28px;\">\n    <span style=\"margin: 0px; padding: 0px; font-family: 宋体; background-image: initial; background-position: initial; background-size: initial; background-repeat: initial; background-attachment: initial; background-origin: initial; background-clip: initial;\">随着我国老年社会提前到来，神经变性病患病率均呈逐年上升趋势，已经发展成为影响人们生命和健康的重大病种，对我国的经济发展产生极为不利的影响。中国微循环学会神经变性病专业委员会立足我国医疗实际需求，走专业化发展之路，力争在神经变性病的发病机理、临床治疗、综合防治等领域取得突破性进展，以降低发病几率，提高治疗效果。</span>\n</p>\n<p style=\"margin-top: 0px; margin-bottom: 0px; padding: 0px; text-indent: 28px;\">\n    <span style=\"margin: 0px; padding: 0px; font-family: 宋体; background-image: initial; background-position: initial; background-size: initial; background-repeat: initial; background-attachment: initial; background-origin: initial; background-clip: initial;\">实用化发展方向</span>\n</p>\n<p style=\"margin-top: 0px; margin-bottom: 0px; padding: 0px; text-indent: 28px;\">\n    <span style=\"margin: 0px; padding: 0px; font-family: 宋体; background-image: initial; background-position: initial; background-size: initial; background-repeat: initial; background-attachment: initial; background-origin: initial; background-clip: initial;\">神经变性病多数发生在中老年，且随着年龄增加，发病率成倍数增加，临床表现多隐袭起病，病程缓慢进展且不可逆，可持续多年甚至十几年或更长，目前尚无可以阻滞病情进展的有效药物治疗。中国微循环学会神经变性病专业委员会立足我国神经变性病诊疗现状，重视学术创新与转化医学相结合，积极推进诊疗学术与技术的实用化发展，通过开设神经变性病会诊中心、组织发起深入社区的神经变性病自查预防公益巡讲和医疗义诊慈善活动等手段，提高我国神经变性病的诊治能力，降低疾病危害。</span>\n</p>\n<p style=\"margin-top: 0px; margin-bottom: 0px; padding: 0px; text-indent: 28px;\">\n    <span style=\"margin: 0px; padding: 0px; font-family: 宋体; background-image: initial; background-position: initial; background-size: initial; background-repeat: initial; background-attachment: initial; background-origin: initial; background-clip: initial;\">国际化发展方向</span>\n</p>\n<p style=\"margin-top: 0px; margin-bottom: 0px; padding: 0px; text-indent: 28px;\">\n    <span style=\"margin: 0px; padding: 0px; font-family: 宋体; background-image: initial; background-position: initial; background-size: initial; background-repeat: initial; background-attachment: initial; background-origin: initial; background-clip: initial;\">神经变性病的诊治是一个世界性的难题，各个国家的医疗工作者均为此付出了大量的劳动和工作。我国神经变性病专业化研究由于起步较晚，与发达国家之间存在一定差距。中国微循环学会神经变性病专业委员会在立足实际的同时，坚持走国际化发展之路。我们致力于搭建连接国内外神经变性病医学工作者的交流平台，加强国际学术交流与合作，并以学术交流为纽带建立健全学会海外合作机制，形成常态化合作。</span>\n</p>\n<p>\n    <br/>\n</p>',4),(9,'<p style=\"margin-top: 0px; margin-bottom: 0px; padding: 0px; text-indent: 28px;\"><span style=\"margin: 0px; padding: 0px; font-family: 宋体; background-image: initial; background-position: initial; background-size: initial; background-repeat: initial; background-attachment: initial; background-origin: initial; background-clip: initial;\">中国微循环学会神经变性病专业委员会章程（草案）</span></p><p style=\"margin-top: 0px; margin-bottom: 0px; padding: 0px; text-indent: 28px;\"><span style=\"margin: 0px; padding: 0px; font-family: 黑体; background-image: initial; background-position: initial; background-size: initial; background-repeat: initial; background-attachment: initial; background-origin: initial; background-clip: initial;\">第一章&nbsp; 总&nbsp; 则</span></p><p style=\"margin-top: 0px; margin-bottom: 0px; padding: 0px; text-indent: 28px;\"><span style=\"margin: 0px; padding: 0px; font-family: 宋体; background-image: initial; background-position: initial; background-size: initial; background-repeat: initial; background-attachment: initial; background-origin: initial; background-clip: initial;\">第一条&nbsp;&nbsp; 本会的名称为:中国微循环环学会神经变性病专业委员会，英文名称为&nbsp;</span><span style=\"margin: 0px; padding: 0px; font-family: &quot;Times New Roman&quot;, serif; background-image: initial; background-position: initial; background-size: initial; background-repeat: initial; background-attachment: initial; background-origin: initial; background-clip: initial;\">Neuro-Degenerative Disease Committee, China Society of Microcirculation&nbsp;</span><span style=\"margin: 0px; padding: 0px; font-family: 宋体; background-image: initial; background-position: initial; background-size: initial; background-repeat: initial; background-attachment: initial; background-origin: initial; background-clip: initial;\">,缩写为&nbsp;</span><span style=\"margin: 0px; padding: 0px; font-family: &quot;Times New Roman&quot;, serif; background-image: initial; background-position: initial; background-size: initial; background-repeat: initial; background-attachment: initial; background-origin: initial; background-clip: initial;\">NDDC&nbsp;</span><span style=\"margin: 0px; padding: 0px; font-family: 宋体; background-image: initial; background-position: initial; background-size: initial; background-repeat: initial; background-attachment: initial; background-origin: initial; background-clip: initial;\">。</span></p><p style=\"margin-top: 0px; margin-bottom: 0px; padding: 0px; text-indent: 28px;\"><span style=\"margin: 0px; padding: 0px; font-family: 宋体; background-image: initial; background-position: initial; background-size: initial; background-repeat: initial; background-attachment: initial; background-origin: initial; background-clip: initial;\">第二条&nbsp;&nbsp; 神经变性病专业委员会是中国微循环学会领导下的二级学会，是由全国相关专业的医学科学技术工作者和医学管理工作者自愿结成的，依法登记成立的学术性、公益性、非营利性的学术团体，是从事神经变性病基础和临床工作者进行学术交流、促进本专业学术发展的重要学术平台，是联系其它医学专业和政府各职能部门的桥梁和纽带，是关爱神经变性病患者、重视疾病防治的重要医学力量。</span></p><p style=\"margin-top: 0px; margin-bottom: 0px; padding: 0px; text-indent: 28px;\"><span style=\"margin: 0px; padding: 0px; font-family: 宋体; background-image: initial; background-position: initial; background-size: initial; background-repeat: initial; background-attachment: initial; background-origin: initial; background-clip: initial;\">第三条&nbsp;&nbsp; 本会的宗旨是遵守宪法、法律、法规和国家政策，坚持民主办会原则，充分发扬学术民主，提高本专业工作者的业务水平，促进神经变性病相关的医学科学的繁荣、发展、普及和推广，促进本专业医学科技人才和医学管理人才的成长和素质的提高。为学会提供各种专业服务。</span></p><p style=\"margin-top: 0px; margin-bottom: 0px; padding: 0px; text-indent: 28px;\"><span style=\"margin: 0px; padding: 0px; font-family: 宋体; background-image: initial; background-position: initial; background-size: initial; background-repeat: initial; background-attachment: initial; background-origin: initial; background-clip: initial;\">第四条&nbsp;&nbsp; 本会贯彻执行中国微循环学会工作方针政策，围绕有关任务和科学技术研究重点开展工作。坚持实事求是的科学态度和优良学风，倡导&quot;创新、求实、协作&quot;的科学精神。实行普及与提高相结合，医学基础研究与医疗实践相结合。开展继续医学教育。</span></p><p style=\"margin-top: 0px; margin-bottom: 0px; padding: 0px; text-indent: 28px;\"><span style=\"margin: 0px; padding: 0px; font-family: 宋体; background-image: initial; background-position: initial; background-size: initial; background-repeat: initial; background-attachment: initial; background-origin: initial; background-clip: initial;\">第五条&nbsp;&nbsp; 本会接受业务主管单位中国微循环学会的领导和监督管理。</span></p><p style=\"margin-top: 0px; margin-bottom: 0px; padding: 0px; text-indent: 28px;\"><span style=\"margin: 0px; padding: 0px; font-family: 宋体; background-image: initial; background-position: initial; background-size: initial; background-repeat: initial; background-attachment: initial; background-origin: initial; background-clip: initial;\">第六条&nbsp;&nbsp; 专业委员会设主任委员、副主任委员、常务委员、委员。</span></p><p style=\"margin-top: 0px; margin-bottom: 0px; padding: 0px; text-indent: 28px;\"><span style=\"margin: 0px; padding: 0px; font-family: 宋体; background-image: initial; background-position: initial; background-size: initial; background-repeat: initial; background-attachment: initial; background-origin: initial; background-clip: initial;\">第七条&nbsp;&nbsp; 专业委员会主任委员由中国微循环学会任命。副主任委员、常务委员、委员由主任委员结合我国各地神经变性病专业实力、地域分布、专业平衡等原则进行推选。每5年换届一次，主任委员从国内各大医院知名专家教授产生，副主任委员从常委中产生，常委从委员中产生。秘书长和秘书由主任委员根据工作需要推选。</span></p><p style=\"margin-top: 0px; margin-bottom: 0px; padding: 0px; text-indent: 28px;\"><span style=\"margin: 0px; padding: 0px; font-family: 宋体; background-image: initial; background-position: initial; background-size: initial; background-repeat: initial; background-attachment: initial; background-origin: initial; background-clip: initial;\">第八条&nbsp;&nbsp; 本会会址设在北京航天总医院内。</span></p><p style=\"margin-top: 0px; margin-bottom: 0px; padding: 0px; text-indent: 28px;\"><span style=\"margin: 0px; padding: 0px; font-family: 宋体; background-image: initial; background-position: initial; background-size: initial; background-repeat: initial; background-attachment: initial; background-origin: initial; background-clip: initial;\">第九条&nbsp;&nbsp; 本会的业务范围。</span></p><p style=\"margin-top: 0px; margin-bottom: 0px; padding: 0px; text-indent: 28px;\"><span style=\"margin: 0px; padding: 0px; font-family: 黑体; background-image: initial; background-position: initial; background-size: initial; background-repeat: initial; background-attachment: initial; background-origin: initial; background-clip: initial;\">第二章&nbsp; 业务范围</span></p><p style=\"margin-top: 0px; margin-bottom: 0px; padding: 0px; text-indent: 28px;\"><span style=\"margin: 0px; padding: 0px; font-family: 宋体; background-image: initial; background-position: initial; background-size: initial; background-repeat: initial; background-attachment: initial; background-origin: initial; background-clip: initial;\">一、&nbsp; 开展本专业领域的学术交流，组织各种形式的学术交流活动、重点学术课题探讨和科学考察活动，加强学科间和学术团体间的横向联系与协作； 二、&nbsp; 编辑出版医学学术期刊、医学科学普及读物、医学书籍、论文汇编、医学信息资料及医学音像制品； 三、&nbsp; 开展继续医学教育,鼓励和组织会员努力学习和不断更新科学技术知识，提高会员和广大医学科技工作者的业务水平； 四、&nbsp; 加强神经变性疾病科普工作，提高社会对于神经变性病的认知度，与社会团体、慈善机构相互合作，组织关爱患者的各种活动，为全国神经变性病患者提供医疗服务以及咨询服务。 五、 &nbsp; 加强同相关专业的国外医学学术团体和医学科学技术工作者的联系和交往，开展国际间的医学学术交流； 六、 &nbsp; 组织和募集各种社会资金，资助本专业的医学工作者进修学习、科技攻关以及论文发表； 七、&nbsp; 评选和奖励优秀医学科技成果、学术论文和科普作品，宣传、奖励本学会的优秀人材； 九、&nbsp; 兴办为学会宗旨服务的社会公益事业和经济实体；</span></p><p style=\"margin-top: 0px; margin-bottom: 0px; padding: 0px; text-indent: 28px;\"><span style=\"margin: 0px; padding: 0px; font-family: 黑体; background-image: initial; background-position: initial; background-size: initial; background-repeat: initial; background-attachment: initial; background-origin: initial; background-clip: initial;\">第三章&nbsp; 学会细则</span></p><p style=\"margin-top: 0px; margin-bottom: 0px; padding: 0px; text-indent: 28px;\"><span style=\"margin: 0px; padding: 0px; font-family: 宋体; background-image: initial; background-position: initial; background-size: initial; background-repeat: initial; background-attachment: initial; background-origin: initial; background-clip: initial;\">第一条&nbsp;&nbsp;定期开展学术会议，加强交流</span></p><p style=\"margin-top: 0px; margin-bottom: 0px; padding: 0px; text-indent: 28px;\"><span style=\"margin: 0px; padding: 0px; font-family: 宋体; background-image: initial; background-position: initial; background-size: initial; background-repeat: initial; background-attachment: initial; background-origin: initial; background-clip: initial;\">学会每年将面向全国开展专业学术会议一次，鼓励各地神经科轮流主办，鼓励各地神经科医生积极参与。每次大会将提出1-2个主题，会议内容将密切围绕该主题展开，以密切结合临床、实用为特点。同时还要加强对此类疾病的临床规范的继续教育，以尽快提高基层神经科的诊治水平。学会将定期邀请国内外著名专家进行神经变性病的新进展讲座和交流。</span></p><p style=\"margin-top: 0px; margin-bottom: 0px; padding: 0px; text-indent: 28px;\"><span style=\"margin: 0px; padding: 0px; font-family: 宋体; background-image: initial; background-position: initial; background-size: initial; background-repeat: initial; background-attachment: initial; background-origin: initial; background-clip: initial;\">第二条&nbsp;&nbsp;致力于重大神经变性疾病如阿尔茨海默病、帕金森病和运动神经病的流行病学调查和治疗</span></p><p style=\"margin-top: 0px; margin-bottom: 0px; padding: 0px; text-indent: 28px;\"><span style=\"margin: 0px; padding: 0px; font-family: 宋体; background-image: initial; background-position: initial; background-size: initial; background-repeat: initial; background-attachment: initial; background-origin: initial; background-clip: initial;\">神经变性疾病是中老年常见疾病，随着社会老龄化，发病率越来越高，得到政府和社会的重视。学会将结合这一现状，以这些疾病为基础，在国内积极组织基层医院进行筛查、早期诊断和治疗，为政府减少大量医疗财政投入。</span></p><p style=\"margin-top: 0px; margin-bottom: 0px; padding: 0px; text-indent: 28px;\"><span style=\"margin: 0px; padding: 0px; font-family: 宋体; background-image: initial; background-position: initial; background-size: initial; background-repeat: initial; background-attachment: initial; background-origin: initial; background-clip: initial;\">第三条&nbsp;&nbsp;鼓励培养年轻医生，建设人才梯队</span></p><p style=\"margin-top: 0px; margin-bottom: 0px; padding: 0px; text-indent: 28px;\"><span style=\"margin: 0px; padding: 0px; font-family: 宋体; background-image: initial; background-position: initial; background-size: initial; background-repeat: initial; background-attachment: initial; background-origin: initial; background-clip: initial;\">神经变性疾病患者众多。由于我国地域发展水平的差异，各地诊治水平很不平衡，因此及时培养年轻医生，尤其是基层医院的年轻医生是一项任重道远的长期规划。学会将通过网络、进修学习等方式致力于为年轻医生提供学习交流的平台和机会。</span></p><p><br/></p>',9),(10,'<p style=\"margin-top: 0px; margin-bottom: 0px; padding: 0px; text-indent: 28px;\">\n    <span style=\"margin: 0px; padding: 0px; font-family: 宋体; background-image: initial; background-position: initial; background-size: initial; background-repeat: initial; background-attachment: initial; background-origin: initial; background-clip: initial;\">在我被吸收为学会中的一员时，我严肃地保证将我的一生奉献于为人民的生命和健康服务。</span>\n</p>\n<p style=\"margin-top: 0px; margin-bottom: 0px; padding: 0px; text-indent: 28px;\">\n    <span style=\"margin: 0px; padding: 0px; font-family: 宋体; background-image: initial; background-position: initial; background-size: initial; background-repeat: initial; background-attachment: initial; background-origin: initial; background-clip: initial;\">我将用我的良心和尊严来行使我的职业，遵守执业道德，恪守医者本分，救死扶伤，生命至上。</span>\n</p>\n<p style=\"margin-top: 0px; margin-bottom: 0px; padding: 0px; text-indent: 28px;\">\n    <span style=\"margin: 0px; padding: 0px; font-family: 宋体; background-image: initial; background-position: initial; background-size: initial; background-repeat: initial; background-attachment: initial; background-origin: initial; background-clip: initial;\">我将为学会的发展壮大贡献自己的力量，个人利益坚决服从学会利益，努力提高自身医疗水平和医德修养。</span>\n</p>\n<p style=\"margin-top: 0px; margin-bottom: 0px; padding: 0px; text-indent: 28px;\">\n    <span style=\"margin: 0px; padding: 0px; font-family: 宋体; background-image: initial; background-position: initial; background-size: initial; background-repeat: initial; background-attachment: initial; background-origin: initial; background-clip: initial;\">我将友爱他人，互相帮助，积极开展学术交流与合作，以身作则，提携后进。</span>\n</p>\n<p style=\"margin-top: 0px; margin-bottom: 0px; padding: 0px; text-indent: 28px;\">\n    <span style=\"margin: 0px; padding: 0px; font-family: 宋体; background-image: initial; background-position: initial; background-size: initial; background-repeat: initial; background-attachment: initial; background-origin: initial; background-clip: initial;\">我出自内心和以我的荣誉，庄严地作此保证。</span>\n</p>\n<p>\n    <br/>\n</p>',10),(11,'<p style=\"margin-top: 0px; margin-bottom: 0px; padding: 0px; color: rgb(51, 51, 51); font-family: &quot;Microsoft YaHei&quot;; font-size: 15px; text-indent: 30px; white-space: normal; background-color: rgb(255, 255, 255); line-height: 30px;\">\n    <strong style=\"margin: 0px; padding: 0px;\"><span style=\"margin: 0px; padding: 0px; line-height: 38px; font-family: 宋体; font-size: 19px;\">主任委员：</span></strong>\n</p>\n<p style=\"margin-top: 0px; margin-bottom: 0px; padding: 0px; color: rgb(51, 51, 51); font-family: &quot;Microsoft YaHei&quot;; font-size: 15px; text-indent: 30px; white-space: normal; background-color: rgb(255, 255, 255); line-height: 30px;\">\n    <span style=\"margin: 0px; padding: 0px; line-height: 38px; font-family: 宋体; font-size: 19px;\">李延峰</span>\n</p>\n<p style=\"margin-top: 0px; margin-bottom: 0px; padding: 0px; color: rgb(51, 51, 51); font-family: &quot;Microsoft YaHei&quot;; font-size: 15px; text-indent: 30px; white-space: normal; background-color: rgb(255, 255, 255); line-height: 30px;\">\n    <strong style=\"margin: 0px; padding: 0px;\"><span style=\"margin: 0px; padding: 0px; line-height: 38px; font-family: 宋体; font-size: 19px;\">副主任委员：</span></strong>\n</p>\n<p style=\"margin-top: 0px; margin-bottom: 0px; padding: 0px; color: rgb(51, 51, 51); font-family: &quot;Microsoft YaHei&quot;; font-size: 15px; text-indent: 30px; white-space: normal; background-color: rgb(255, 255, 255); line-height: 30px;\">\n    <span style=\"margin: 0px; padding: 0px; line-height: 38px; font-family: 宋体; font-size: 19px;\">毕齐、 陈生弟、 戴天然、李晓光、刘运海、唐北沙</span>\n</p>\n<p style=\"margin-top: 0px; margin-bottom: 0px; padding: 0px; color: rgb(51, 51, 51); font-family: &quot;Microsoft YaHei&quot;; font-size: 15px; text-indent: 30px; white-space: normal; background-color: rgb(255, 255, 255); line-height: 30px;\">\n    <strong style=\"margin: 0px; padding: 0px;\"><span style=\"margin: 0px; padding: 0px; line-height: 38px; font-family: 宋体; font-size: 19px;\">常务委员：</span></strong>\n</p>\n<p style=\"margin-top: 0px; margin-bottom: 0px; padding: 0px; color: rgb(51, 51, 51); font-family: &quot;Microsoft YaHei&quot;; font-size: 15px; text-indent: 30px; white-space: normal; background-color: rgb(255, 255, 255); line-height: 30px;\">\n    <span style=\"margin: 0px; padding: 0px; line-height: 38px; font-family: 宋体; font-size: 19px;\">陈加俊、陈军、陈晓春、胡全忠、纪勇、贾建军、李燕梅、刘洪、卢祖能、戚晓昆、钱家强、屈秋民、王延平、肖世富、于普林、 张巍、张毅、张振馨、赵永波、杜继臣、彭丹涛、原永平、肖卫忠、邢岩、龚涛、王晓东</span>\n</p>\n<p style=\"margin-top: 0px; margin-bottom: 0px; padding: 0px; color: rgb(51, 51, 51); font-family: &quot;Microsoft YaHei&quot;; font-size: 15px; text-indent: 30px; white-space: normal; background-color: rgb(255, 255, 255); line-height: 30px;\">\n    <strong style=\"margin: 0px; padding: 0px;\"><span style=\"margin: 0px; padding: 0px; line-height: 38px; font-family: 宋体; font-size: 19px;\">委员：</span></strong>\n</p>\n<p style=\"margin-top: 0px; margin-bottom: 0px; padding: 0px; color: rgb(51, 51, 51); font-family: &quot;Microsoft YaHei&quot;; font-size: 15px; text-indent: 30px; white-space: normal; background-color: rgb(255, 255, 255); line-height: 30px;\">\n    <span style=\"margin: 0px; padding: 0px; line-height: 38px; font-family: 宋体; font-size: 19px;\">陈国强、崔芳、崔志刚、方明镜、方琪、郭起浩、黄进瑜、惠颖、霍加、蒋初明、焦劲松、孔德强、李风荣、李修彬、刘文海、刘艺鸣、 刘尊敬、吕海东、秦斌、邵宏元、申庆民、沈璐、沈霞、沈志卫、覃 莲、田梅、王宝军、王景涛、王新志、王英鹏、吴蕾、吴文斌、 谢明、薛战尤、晏勇、杨奎、游咏、于文霞、袁英、曾碧翔、张华、张杰文、张颖冬、张勇、张占军、种晓琴、王俊、张宏、陈蕾、 王铭维、乔立艳、陈宝荣、郑晓风、李宁、冯逢、徐蔚海、于逢春、黄光、卢宏</span>\n</p>\n<p style=\"margin-top: 0px; margin-bottom: 0px; padding: 0px; color: rgb(51, 51, 51); font-family: &quot;Microsoft YaHei&quot;; font-size: 15px; text-indent: 30px; white-space: normal; background-color: rgb(255, 255, 255); line-height: 30px;\">\n    <strong style=\"margin: 0px; padding: 0px;\"><span style=\"margin: 0px; padding: 0px; line-height: 38px; font-family: 宋体; font-size: 19px;\">青年委员：</span></strong>\n</p>\n<p style=\"margin-top: 0px; margin-bottom: 0px; padding: 0px; color: rgb(51, 51, 51); font-family: &quot;Microsoft YaHei&quot;; font-size: 15px; text-indent: 30px; white-space: normal; background-color: rgb(255, 255, 255); line-height: 30px;\">\n    <span style=\"margin: 0px; padding: 0px; line-height: 38px; font-family: 宋体; font-size: 19px;\">岳伟、陆菁菁、邱峰、王含、邹漳钰、王林</span>\n</p>\n<p style=\"margin-top: 0px; margin-bottom: 0px; padding: 0px; color: rgb(51, 51, 51); font-family: &quot;Microsoft YaHei&quot;; font-size: 15px; text-indent: 30px; white-space: normal; background-color: rgb(255, 255, 255); line-height: 30px;\">\n    <strong style=\"margin: 0px; padding: 0px;\"><span style=\"margin: 0px; padding: 0px; line-height: 38px; font-family: 宋体; font-size: 19px;\">专委会常务执行机构：</span></strong>\n</p>\n<p style=\"margin-top: 0px; margin-bottom: 0px; padding: 0px; color: rgb(51, 51, 51); font-family: &quot;Microsoft YaHei&quot;; font-size: 15px; text-indent: 30px; white-space: normal; background-color: rgb(255, 255, 255); line-height: 30px;\">\n    <span style=\"margin: 0px; padding: 0px; line-height: 38px; font-family: 宋体; font-size: 19px;\">秘书处</span>\n</p>\n<p style=\"margin-top: 0px; margin-bottom: 0px; padding: 0px; color: rgb(51, 51, 51); font-family: &quot;Microsoft YaHei&quot;; font-size: 15px; text-indent: 30px; white-space: normal; background-color: rgb(255, 255, 255); line-height: 30px;\">\n    <strong style=\"margin: 0px; padding: 0px;\"><span style=\"margin: 0px; padding: 0px; line-height: 38px; font-family: 宋体; font-size: 19px;\">秘书长：</span></strong>\n</p>\n<p style=\"margin-top: 0px; margin-bottom: 0px; padding: 0px; color: rgb(51, 51, 51); font-family: &quot;Microsoft YaHei&quot;; font-size: 15px; text-indent: 30px; white-space: normal; background-color: rgb(255, 255, 255); line-height: 30px;\">\n    <span style=\"margin: 0px; padding: 0px; line-height: 38px; font-family: 宋体; font-size: 19px;\">原永平</span>\n</p>\n<p style=\"margin-top: 0px; margin-bottom: 0px; padding: 0px; color: rgb(51, 51, 51); font-family: &quot;Microsoft YaHei&quot;; font-size: 15px; text-indent: 30px; white-space: normal; background-color: rgb(255, 255, 255); line-height: 30px;\">\n    <strong style=\"margin: 0px; padding: 0px;\"><span style=\"margin: 0px; padding: 0px; line-height: 38px; font-family: 宋体; font-size: 19px;\">副秘书长：</span></strong>\n</p>\n<p style=\"margin-top: 0px; margin-bottom: 0px; padding: 0px; color: rgb(51, 51, 51); font-family: &quot;Microsoft YaHei&quot;; font-size: 15px; text-indent: 30px; white-space: normal; background-color: rgb(255, 255, 255); line-height: 30px;\">\n    <span style=\"margin: 0px; padding: 0px; line-height: 38px; font-family: 宋体; font-size: 19px;\">杜继臣、龚涛</span>\n</p>\n<p>\n    <br/>\n</p>',12),(12,'<p style=\"margin-top: 0px; margin-bottom: 0px; padding: 0px; text-indent: 28px;\">\n    <span style=\"margin: 0px; padding: 0px; font-family: 黑体; background-image: initial; background-position: initial; background-size: initial; background-repeat: initial; background-attachment: initial; background-origin: initial; background-clip: initial;\">第一任主任委员：李延峰教授</span>\n</p>\n<p style=\"margin-top: 0px; margin-bottom: 0px; padding: 0px; text-indent: 28px;\">\n    <span style=\"margin: 0px; padding: 0px; font-family: 宋体; background-image: initial; background-position: initial; background-size: initial; background-repeat: initial; background-attachment: initial; background-origin: initial; background-clip: initial;\">北京协和医院神经内科主任医师，教授，神经学博士，硕士生导师。</span>\n</p>\n<p style=\"margin-top: 0px; margin-bottom: 0px; padding: 0px; text-indent: 28px;\">\n    <span style=\"margin: 0px; padding: 0px; font-family: 宋体; background-image: initial; background-position: initial; background-size: initial; background-repeat: initial; background-attachment: initial; background-origin: initial; background-clip: initial;\">中国微循环学会理事，《中国神经免疫及神经病学》杂志编委。</span>\n</p>\n<p style=\"margin-top: 0px; margin-bottom: 0px; padding: 0px; text-indent: 28px;\">\n    <span style=\"margin: 0px; padding: 0px; font-family: 宋体; background-image: initial; background-position: initial; background-size: initial; background-repeat: initial; background-attachment: initial; background-origin: initial; background-clip: initial;\">1996年博士毕业于北京协和医科大学研究生院，一直在北京协和医院神经内科从事临床与科研工作。</span>\n</p>\n<p style=\"margin-top: 0px; margin-bottom: 0px; padding: 0px; text-indent: 28px;\">\n    <span style=\"margin: 0px; padding: 0px; font-family: 宋体; background-image: initial; background-position: initial; background-size: initial; background-repeat: initial; background-attachment: initial; background-origin: initial; background-clip: initial;\">在周围神经病、重症肌无力等方面具有开创性工作，报道首例中国家族性淀粉样周围神经病，并进行深入的分子生物学研究。</span>\n</p>\n<p style=\"margin-top: 0px; margin-bottom: 0px; padding: 0px; text-indent: 28px;\">\n    <span style=\"margin: 0px; padding: 0px; font-family: 宋体; background-image: initial; background-position: initial; background-size: initial; background-repeat: initial; background-attachment: initial; background-origin: initial; background-clip: initial;\">承担多项省部级痴呆相关课题，国际国内发表论文40余篇，参与《周围神经病》、《神经康复学》等多部著作编写。</span>\n</p>\n<p>\n    <br/>\n</p>\n<p style=\"margin-top: 0px; margin-bottom: 0px; padding: 0px; text-indent: 28px;\">\n    <span style=\"margin: 0px; padding: 0px; font-family: 黑体; background-image: initial; background-position: initial; background-size: initial; background-repeat: initial; background-attachment: initial; background-origin: initial; background-clip: initial;\">主委寄语：</span>\n</p>\n<p style=\"margin-top: 0px; margin-bottom: 0px; padding: 0px; text-indent: 28px;\">\n    <span style=\"margin: 0px; padding: 0px; font-family: 黑体; background-image: initial; background-position: initial; background-size: initial; background-repeat: initial; background-attachment: initial; background-origin: initial; background-clip: initial;\">当今，神经变性病、微血管医学做为世界转化医学的重要学科正在兴起和发展，神经变性病专业委员会应运而生。神经系统变性病包括有老年性痴呆、帕金森病、运动神经元病等一大组疾病。由于病因不明，病程持续进展，且没有治愈这些疾病药物，因而是我国中老年人群中最重要的致残和致死原因之一。其中最具代表性的疾病是老年性痴呆，该病又称为阿尔茨海默病，是一种以不可逆转的智能衰退为主要表现的中枢神经系统变性病，其发病率随年龄增加而增加。随着我国人口逐渐老年化，该病越来越受到社会和医学界的广泛关注。有明确证据表明脑微循环障碍所致神经缺血以及代谢产物中的毒性物质的堆积，很可能是老年性痴呆的重要病因。研究微循环障碍与神经变性病，也给最终治愈此类疾病带来希望。</span>\n</p>\n<p>\n    <br/>\n</p>\n<p style=\"margin-top: 0px; margin-bottom: 0px; padding: 0px; text-indent: 28px;\">\n    <span style=\"margin: 0px; padding: 0px; font-family: 黑体; background-image: initial; background-position: initial; background-size: initial; background-repeat: initial; background-attachment: initial; background-origin: initial; background-clip: initial;\">中国微循环学会神经变性病专业委员会的成立，使我们神经变性病的研究有了自己的学会，对神经科学界和微循环学会都是一件大事。我们将加强国内外学术交流，致力于推广标准临床治疗规范，定期举行专业学术会议，加强与神经科各专业在临床和基础研究方面的技术新进展和经验沟通；加强多中心合作，配合政府致力于神经变性病防治，解决民生疾苦; 注重年轻医生的培养；加强与其它微循环学科间的合作，努力做好神经变性病与微循环障碍的转化医学研究，为世界神经变性病诊断与治疗技术的发展贡献我们的力量。</span>\n</p>\n<p>\n    <br/>\n</p>',13),(13,'<p style=\"margin-top: 0px; margin-bottom: 0px; padding: 0px; text-indent: 28px;\">\n    <span style=\"margin: 0px; padding: 0px; font-family: 宋体; background-image: initial; background-position: initial; background-size: initial; background-repeat: initial; background-attachment: initial; background-origin: initial; background-clip: initial;\">中国微循环学会神经变性病专业委员会临床会诊与教学系统是专委会进行远程会诊、流动教学、学术共建以及临床实践的综合性交互平台。专委会通过该平台实现对会员医疗机构和基层医疗机构的技术扶持与资源共享，提高系统内协作医疗机构的神经变性病诊治水平，提高优势医疗专家与资源利用率，为尽可能多的神经变性病患者提供最高水准诊断与治疗服务。</span>\n</p>\n<p>\n    <br/><br/>\n</p>\n<p style=\"margin-top: 0px; margin-bottom: 0px; padding: 0px; text-indent: 28px;\">\n    <span style=\"margin: 0px; padding: 0px; font-family: 黑体; background-image: initial; background-position: initial; background-size: initial; background-repeat: initial; background-attachment: initial; background-origin: initial; background-clip: initial; font-size: 20px;\">临床会诊与教学点设立条件</span>\n</p>\n<p style=\"margin-top: 0px; margin-bottom: 0px; padding: 0px; text-indent: 28px;\">\n    <span style=\"margin: 0px; padding: 0px; font-family: 宋体; background-image: initial; background-position: initial; background-size: initial; background-repeat: initial; background-attachment: initial; background-origin: initial; background-clip: initial;\">1、二甲以上公立综合医疗机构或二级以上神经专科医院；</span>\n</p>\n<p style=\"margin-top: 0px; margin-bottom: 0px; padding: 0px; text-indent: 28px;\">\n    <span style=\"margin: 0px; padding: 0px; font-family: 宋体; background-image: initial; background-position: initial; background-size: initial; background-repeat: initial; background-attachment: initial; background-origin: initial; background-clip: initial;\">2、科室副主任以上医务人员为专委会委员以上职称；</span>\n</p>\n<p style=\"margin-top: 0px; margin-bottom: 0px; padding: 0px; text-indent: 28px;\">\n    <span style=\"margin: 0px; padding: 0px; font-family: 宋体; background-image: initial; background-position: initial; background-size: initial; background-repeat: initial; background-attachment: initial; background-origin: initial; background-clip: initial;\">3、自愿遵守专委会对临床会诊与教学点的管理规定。</span>\n</p>\n<p>\n    <br/><br/>\n</p>\n<p style=\"margin-top: 0px; margin-bottom: 0px; padding: 0px; text-indent: 28px;\">\n    <span style=\"margin: 0px; padding: 0px; font-family: 黑体; background-image: initial; background-position: initial; background-size: initial; background-repeat: initial; background-attachment: initial; background-origin: initial; background-clip: initial; font-size: 20px;\">临床会诊与教学点工作范围</span>\n</p>\n<p style=\"margin-top: 0px; margin-bottom: 0px; padding: 0px; text-indent: 28px;\">\n    <span style=\"margin: 0px; padding: 0px; font-family: 宋体; background-image: initial; background-position: initial; background-size: initial; background-repeat: initial; background-attachment: initial; background-origin: initial; background-clip: initial;\">1、开展神经变性类疑难疾病远程会诊；</span>\n</p>\n<p style=\"margin-top: 0px; margin-bottom: 0px; padding: 0px; text-indent: 28px;\">\n    <span style=\"margin: 0px; padding: 0px; font-family: 宋体; background-image: initial; background-position: initial; background-size: initial; background-repeat: initial; background-attachment: initial; background-origin: initial; background-clip: initial;\">2、开展神经变性类疾病临床观摩与诊疗教学；</span>\n</p>\n<p style=\"margin-top: 0px; margin-bottom: 0px; padding: 0px; text-indent: 28px;\">\n    <span style=\"margin: 0px; padding: 0px; font-family: 宋体; background-image: initial; background-position: initial; background-size: initial; background-repeat: initial; background-attachment: initial; background-origin: initial; background-clip: initial;\">3、开展专委会统一安排的学术主题演讲或交流活动；</span>\n</p>\n<p style=\"margin-top: 0px; margin-bottom: 0px; padding: 0px; text-indent: 28px;\">\n    <span style=\"margin: 0px; padding: 0px; font-family: 宋体; background-image: initial; background-position: initial; background-size: initial; background-repeat: initial; background-attachment: initial; background-origin: initial; background-clip: initial;\">4、开展专委会发起的课题申报、多中心研究等；</span>\n</p>\n<p style=\"margin-top: 0px; margin-bottom: 0px; padding: 0px; text-indent: 28px;\">\n    <span style=\"margin: 0px; padding: 0px; font-family: 宋体; background-image: initial; background-position: initial; background-size: initial; background-repeat: initial; background-attachment: initial; background-origin: initial; background-clip: initial;\">5、开展神经变性病义诊、巡诊、社区教育等公益活动。</span>\n</p>\n<p>\n    <br/><br/>\n</p>\n<p style=\"margin-top: 0px; margin-bottom: 0px; padding: 0px; text-indent: 28px;\">\n    <span style=\"margin: 0px; padding: 0px; font-family: 黑体; background-image: initial; background-position: initial; background-size: initial; background-repeat: initial; background-attachment: initial; background-origin: initial; background-clip: initial; font-size: 20px;\">临床会诊与教学点申报流程</span>\n</p>\n<p style=\"margin-top: 0px; margin-bottom: 0px; padding: 0px; text-indent: 28px;\">\n    <span style=\"margin: 0px; padding: 0px; font-family: 宋体; background-image: initial; background-position: initial; background-size: initial; background-repeat: initial; background-attachment: initial; background-origin: initial; background-clip: initial;\">1、申请医院下载《中国微循环学会神经变性病专业委员会临床会诊与教学点申请表》（点击下载），认真填写并加盖医院公章后，（1）扫描发送至电子邮件app@chinanddc.org；（2）或邮寄至北京市朝阳区朝外大街18号丰联广场A2108 专委会秘书处收。邮政编码：100103</span>\n</p>\n<p style=\"margin-top: 0px; margin-bottom: 0px; padding: 0px; text-indent: 28px;\">\n    <span style=\"margin: 0px; padding: 0px; font-family: 宋体; background-image: initial; background-position: initial; background-size: initial; background-repeat: initial; background-attachment: initial; background-origin: initial; background-clip: initial;\">2、专委会收到申请资料15个工作日内将审核情况书面回复至申请医院，若通过审核，则与专委会签订合作协议，并取得授权牌，在专委会指导下开展相应工作。</span>\n</p>\n<p>\n    <br/>\n</p>',18),(14,'<p style=\"margin-top: 0px; margin-bottom: 0px; padding: 0px; text-indent: 28px;\">\n    <span style=\"margin: 0px; padding: 0px; font-family: 宋体; background-image: initial; background-position: initial; background-size: initial; background-repeat: initial; background-attachment: initial; background-origin: initial; background-clip: initial;\">中国微循环学会神经变性病专业委员会在国家法律法规和卫生管理条例许可的范围内，利用自身丰富的协作机构、学术课题、专家团队等资源，为与神经变性病有关的新药、新技术、新器械等提供临床试验服务。</span>\n</p>\n<p>\n    <br/>\n</p>\n<p style=\"margin-top: 0px; margin-bottom: 0px; padding: 0px; text-indent: 28px;\">\n    <span style=\"margin: 0px; padding: 0px; font-family: 宋体; background-image: initial; background-position: initial; background-size: initial; background-repeat: initial; background-attachment: initial; background-origin: initial; background-clip: initial;\">目前，正在进行的专委会与中卫华医医疗技术有限公司联合开展的间充质干细胞治疗神经变性病的创新技术，是专委会承接的临床试验的重点工作。</span>\n</p>\n<p>\n    <br/>\n</p>',19),(15,'<p style=\"margin-top: 0px; margin-bottom: 0px; padding: 0px; text-indent: 28px;\">\n    <span style=\"margin: 0px; padding: 0px; font-family: 宋体; background-image: initial; background-position: initial; background-size: initial; background-repeat: initial; background-attachment: initial; background-origin: initial; background-clip: initial;\">中国微循环学会神经变性病专业委员会在国家法律法规和卫生管理条例许可的范围内，利用自身丰富的协作机构、学术课题、专家团队等资源，为与神经变性病有关的新药、新技术、新器械等提供临床试验服务。</span>\n</p>\n<p>\n    <br/>\n</p>\n<p style=\"margin-top: 0px; margin-bottom: 0px; padding: 0px; text-indent: 28px;\">\n    <span style=\"margin: 0px; padding: 0px; font-family: 宋体; background-image: initial; background-position: initial; background-size: initial; background-repeat: initial; background-attachment: initial; background-origin: initial; background-clip: initial;\">目前，正在进行的专委会与中卫华医医疗技术有限公司联合开展的间充质干细胞治疗神经变性病的创新技术，是专委会承接的临床试验的重点工作。</span>\n</p>\n<p>\n    <br/>\n</p>',20),(16,'<p style=\"margin-top: 0px; margin-bottom: 0px; padding: 0px; text-indent: 28px;\">\n    <span style=\"margin: 0px; padding: 0px; font-family: 黑体; background-image: initial; background-position: initial; background-size: initial; background-repeat: initial; background-attachment: initial; background-origin: initial; background-clip: initial; font-size: 20px;\">一、神经变性病发展现状与探索</span>\n</p>\n<p style=\"margin-top: 0px; margin-bottom: 0px; padding: 0px; text-indent: 28px;\">\n    <span style=\"margin: 0px; padding: 0px; font-family: 宋体; background-image: initial; background-position: initial; background-size: initial; background-repeat: initial; background-attachment: initial; background-origin: initial; background-clip: initial;\">神经变性病临床多隐袭起病，病程缓慢进展，可持续多年甚至十几年或更长，部分病例可有家族遗传史。治疗尚无成熟有效的方法，部分症状（如帕金森病的症状）可因有经验的治疗而缓解，但总体病程不断进展。</span>\n</p>\n<p>\n    <br/>\n</p>\n<p style=\"margin-top: 0px; margin-bottom: 0px; padding: 0px; text-indent: 28px;\">\n    <span style=\"margin: 0px; padding: 0px; font-family: 宋体; background-image: initial; background-position: initial; background-size: initial; background-repeat: initial; background-attachment: initial; background-origin: initial; background-clip: initial;\">近年来，神经变性病在世界范围内发病呈逐年上升趋势，国人也有同样的现象，已不再是少见病，随着社会人口的自然老化，患病人数逐年增多。国内外研究者对神经变性病的致病基因和易感基因进行了大量的研究，另外环境污染的日益加剧也使人们更多地关注并研究环境因素在发病中的作用。随着人们对疾病认识的逐渐深入，很多神经系统疾病均归属于神经变性病的范畴，对其病因和发病机制的研究已成为国际神经科学领域的热点。</span>\n</p>\n<p>\n    <br/>\n</p>\n<p style=\"margin-top: 0px; margin-bottom: 0px; padding: 0px; text-indent: 28px;\">\n    <span style=\"margin: 0px; padding: 0px; font-family: 宋体; background-image: initial; background-position: initial; background-size: initial; background-repeat: initial; background-attachment: initial; background-origin: initial; background-clip: initial;\">中国微循环学会神经变性病专业委员会作为我国神经变性病的专门研究机构，我们在不断完善和改进现有治疗理论和方法的同时，亦在积极探索新的治疗技术和手段。干细胞作为目前国际医学研究的重点方向和再生医学发展的最前沿，正在逐渐进入我们的视野，并必将成为临床治疗神经变性病的重要手段之一。</span>\n</p>\n<p>\n    <br/>\n</p>\n<p style=\"margin-top: 0px; margin-bottom: 0px; padding: 0px; text-indent: 28px;\">\n    <span style=\"margin: 0px; padding: 0px; font-family: 黑体; background-image: initial; background-position: initial; background-size: initial; background-repeat: initial; background-attachment: initial; background-origin: initial; background-clip: initial; font-size: 20px;\">二、干细胞治疗神经变性病理论可行性</span>\n</p>\n<p style=\"margin-top: 0px; margin-bottom: 0px; padding: 0px; text-indent: 28px;\">\n    <span style=\"margin: 0px; padding: 0px; font-family: 宋体; background-image: initial; background-position: initial; background-size: initial; background-repeat: initial; background-attachment: initial; background-origin: initial; background-clip: initial;\">组成人体的全部细胞，都是由一个细胞---受精卵发育而来的，之后逐渐形成人体的组织和器官。干细胞具有强大的损伤修复功能。但是，随着人类机体不断发育成熟和岁数增长，绝大部分细胞丧失了干细胞的功能，只有数量极少的干细胞散在分布于人体组织，而且其修复能力随着年龄的增长而不断弱化。当我们的神经系统发病或者受到伤害之后，由于内源性的干细胞数量有限、功能老化，因此自我修复能力差。如果通过医学的方法将外部大量培养和扩增的干细胞移植进入神经系统内，则可以显著增强神经系统的修复能力，改善损伤的神经功能。</span>\n</p>\n<p>\n    <br/>\n</p>\n<p style=\"margin-top: 0px; margin-bottom: 0px; padding: 0px; text-indent: 28px;\">\n    <span style=\"margin: 0px; padding: 0px; font-family: 宋体; background-image: initial; background-position: initial; background-size: initial; background-repeat: initial; background-attachment: initial; background-origin: initial; background-clip: initial;\">在已知的神经变性病发病原因中，神经元变性、凋亡等是最主要的诱因。干细胞基础理论研究和临床实验均表明，经医学移植进入人体的干细胞确实能够分化产生大量的神经元组织细胞与细胞因子，并实现对损伤和凋亡细胞的修复与替代。因此，干细胞移植存在对神经变性病临床治疗的理论可行性。</span>\n</p>\n<p>\n    <br/>\n</p>\n<p style=\"margin-top: 0px; margin-bottom: 0px; padding: 0px; text-indent: 28px;\">\n    <span style=\"margin: 0px; padding: 0px; font-family: 黑体; background-image: initial; background-position: initial; background-size: initial; background-repeat: initial; background-attachment: initial; background-origin: initial; background-clip: initial; font-size: 20px;\">三、干细胞治疗神经变性病的临床实验研究</span>\n</p>\n<p style=\"margin-top: 0px; margin-bottom: 0px; padding: 0px; text-indent: 28px;\">\n    <span style=\"margin: 0px; padding: 0px; font-family: 宋体; background-image: initial; background-position: initial; background-size: initial; background-repeat: initial; background-attachment: initial; background-origin: initial; background-clip: initial; font-size: 16px;\">1、干细胞无毒性研究</span>\n</p>\n<p style=\"margin-top: 0px; margin-bottom: 0px; padding: 0px; text-indent: 28px;\">\n    <span style=\"margin: 0px; padding: 0px; font-family: 宋体; background-image: initial; background-position: initial; background-size: initial; background-repeat: initial; background-attachment: initial; background-origin: initial; background-clip: initial; font-size: 16px;\">1、干细胞无毒性研究</span>\n</p>\n<p style=\"margin-top: 0px; margin-bottom: 0px; padding: 0px; text-indent: 28px;\">\n    <span style=\"margin: 0px; padding: 0px; font-family: 宋体; background-image: initial; background-position: initial; background-size: initial; background-repeat: initial; background-attachment: initial; background-origin: initial; background-clip: initial;\">全球范围内和我们委托的实验室均通过大量的动物实验表明了干细胞的无毒性。</span>\n</p>\n<p>\n    <br/>\n</p>\n<p style=\"margin-top: 0px; margin-bottom: 0px; padding: 0px; text-indent: 28px;\">\n    <span style=\"margin: 0px; padding: 0px; font-family: 宋体; background-image: initial; background-position: initial; background-size: initial; background-repeat: initial; background-attachment: initial; background-origin: initial; background-clip: initial; font-size: 16px;\">2、干细胞伦理学研究</span>\n</p>\n<p style=\"margin-top: 0px; margin-bottom: 0px; padding: 0px; text-indent: 28px;\">\n    <span style=\"margin: 0px; padding: 0px; font-family: 宋体; background-image: initial; background-position: initial; background-size: initial; background-repeat: initial; background-attachment: initial; background-origin: initial; background-clip: initial;\">目前，合理、成熟的干细胞来源途径（新生儿脐带、脐带血、脂肪、外周血等）获得了包括美国FDA、WHO以及各级各类监管或科研机构的伦理认可。</span>\n</p>\n<p>\n    <br/>\n</p>\n<p style=\"margin-top: 0px; margin-bottom: 0px; padding: 0px; text-indent: 28px;\">\n    <span style=\"margin: 0px; padding: 0px; font-family: 宋体; background-image: initial; background-position: initial; background-size: initial; background-repeat: initial; background-attachment: initial; background-origin: initial; background-clip: initial; font-size: 16px;\">3、干细胞治疗神经变性病人体临床实验研究</span>\n</p>\n<p style=\"margin-top: 0px; margin-bottom: 0px; padding: 0px; text-indent: 28px;\">\n    <span style=\"margin: 0px; padding: 0px; font-family: 宋体; background-image: initial; background-position: initial; background-size: initial; background-repeat: initial; background-attachment: initial; background-origin: initial; background-clip: initial;\">在过去的10年时间里，全球范围内（尤其是中国）至少进行了超过2000例以上有据可查的干细胞治疗神经变性病的临床实验研究，但由于缺乏科学、统一的行业标准与监管手段，很多数据采集均不规范，无法形成有效的临床证据，为我们的统计研究带来大量困难。从已知的数据采集来看，干细胞移植治疗神经变性病具有以下特点：</span>\n</p>\n<p style=\"margin-top: 0px; margin-bottom: 0px; padding: 0px; text-indent: 28px;\">\n    <span style=\"margin: 0px; padding: 0px; font-family: 宋体; background-image: initial; background-position: initial; background-size: initial; background-repeat: initial; background-attachment: initial; background-origin: initial; background-clip: initial;\">（1）干细胞移植属微创治疗，基本无痛苦和不良反应，且临床风险较低，大部分患者（尤其是老年患者）更易于接受；</span>\n</p>\n<p style=\"margin-top: 0px; margin-bottom: 0px; padding: 0px; text-indent: 28px;\">\n    <span style=\"margin: 0px; padding: 0px; font-family: 宋体; background-image: initial; background-position: initial; background-size: initial; background-repeat: initial; background-attachment: initial; background-origin: initial; background-clip: initial;\">（2）干细胞移植治疗术前术后对比，患者疾病的外显症状改善明显，如帕金森氏病患者的震颤、僵直等症状改善，痴呆患者的视力、听力、记忆力、行动能力等症状改善，从而有助于患者或其家属建立治疗信心，提高患者依从性；</span>\n</p>\n<p style=\"margin-top: 0px; margin-bottom: 0px; padding: 0px; text-indent: 28px;\">\n    <span style=\"margin: 0px; padding: 0px; font-family: 宋体; background-image: initial; background-position: initial; background-size: initial; background-repeat: initial; background-attachment: initial; background-origin: initial; background-clip: initial;\">（3）在进行临床治疗过程中，干细胞的种类、数量以及进入人体的方式等因素对治疗效果的影响较大。</span>\n</p>\n<p>\n    <br/>\n</p>\n<p style=\"margin-top: 0px; margin-bottom: 0px; padding: 0px; text-indent: 28px;\">\n    <span style=\"margin: 0px; padding: 0px; font-family: 黑体; background-image: initial; background-position: initial; background-size: initial; background-repeat: initial; background-attachment: initial; background-origin: initial; background-clip: initial; font-size: 20px;\">四、干细胞治疗神经变性病的临床研究价值</span>\n</p>\n<p style=\"margin-top: 0px; margin-bottom: 0px; padding: 0px; text-indent: 28px;\">\n    <span style=\"margin: 0px; padding: 0px; font-family: 宋体; background-image: initial; background-position: initial; background-size: initial; background-repeat: initial; background-attachment: initial; background-origin: initial; background-clip: initial;\">干细胞作为五项生物技术之一，已确立为未来十五年我国前沿技术的重点研究领域，其无毒性、微创伤、显效果的技术特点越来越成为人们关注的焦点。目前，干细胞技术的研究在脑和脊髓疾病（神经外科）的损伤修复领域已取得了丰硕的成果，我国的多个临床研究课题在美国等发达国家得到广泛认可。我专业委员会开展干细胞治疗神经变性病的临床研究，目的是结合国际医学的前沿技术以创新、丰富和规范我国神经变性病的治疗手段，以精准医疗的态度，为广大患者探索和寻找新生的希望。</span>\n</p>\n<p>\n    <br/>\n</p>\n<p style=\"margin-top: 0px; margin-bottom: 0px; padding: 0px; text-indent: 28px;\">\n    <span style=\"margin: 0px; padding: 0px; font-family: 黑体; background-image: initial; background-position: initial; background-size: initial; background-repeat: initial; background-attachment: initial; background-origin: initial; background-clip: initial; font-size: 20px;\">五、干细胞移植治疗神经变性病的研究方向</span>\n</p>\n<p style=\"margin-top: 0px; margin-bottom: 0px; padding: 0px; text-indent: 28px;\">\n    <span style=\"margin: 0px; padding: 0px; font-family: 宋体; background-image: initial; background-position: initial; background-size: initial; background-repeat: initial; background-attachment: initial; background-origin: initial; background-clip: initial; font-size: 16px;\">1、干细胞制成品的属性、类别、计量标准与质量控制标准</span>\n</p>\n<p style=\"margin-top: 0px; margin-bottom: 0px; padding: 0px; text-indent: 28px;\">\n    <span style=\"margin: 0px; padding: 0px; font-family: 宋体; background-image: initial; background-position: initial; background-size: initial; background-repeat: initial; background-attachment: initial; background-origin: initial; background-clip: initial;\">我国干细胞制成品目前尚无清晰定论可确定其属性，生产制备多在实验室完成，因为缺乏有效的临床支撑，其类别、计量方式和质量控制等均未实现标准化和统一化，给临床应用带来诸多困扰和乱象。因此，我们研究的方向之一是在现有干细胞制成品的基础上，通过临床实验反推的方式，以临床效果为导向，逐渐形成一整套规范的干细胞计量与质量控制标准。</span>\n</p>\n<p style=\"margin-top: 0px; margin-bottom: 0px; padding: 0px; text-indent: 28px;\">\n    <span style=\"margin: 0px; padding: 0px; font-family: 宋体; background-image: initial; background-position: initial; background-size: initial; background-repeat: initial; background-attachment: initial; background-origin: initial; background-clip: initial; font-size: 16px;\">2、干细胞进入人体的路径、方式、临床风险控制与应急预案</span>\n</p>\n<p style=\"margin-top: 0px; margin-bottom: 0px; padding: 0px; text-indent: 28px;\">\n    <span style=\"margin: 0px; padding: 0px; font-family: 宋体; background-image: initial; background-position: initial; background-size: initial; background-repeat: initial; background-attachment: initial; background-origin: initial; background-clip: initial;\">已知的干细胞进入人体的路径包括立体定向脑内注射、腰椎穿刺蛛网膜下腔注射、静脉内注射、CT引导下脊髓内移植、血管内介入移植等五种方式，每种方法都有其优点和缺点。我们的研究方向是针对不同疾病、不同患者，应如何因人而异，扬长避短，为患者制定出最适合的临床路径，并合理控制由此可能引发的临床风险，预先完成应急预案。</span>\n</p>\n<p style=\"margin-top: 0px; margin-bottom: 0px; padding: 0px; text-indent: 28px;\">\n    <span style=\"margin: 0px; padding: 0px; font-family: 宋体; background-image: initial; background-position: initial; background-size: initial; background-repeat: initial; background-attachment: initial; background-origin: initial; background-clip: initial; font-size: 16px;\">3、干细胞治疗神经变性病患者的临床诊断与纳排标准</span>\n</p>\n<p style=\"margin-top: 0px; margin-bottom: 0px; padding: 0px; text-indent: 28px;\">\n    <span style=\"margin: 0px; padding: 0px; font-family: 宋体; background-image: initial; background-position: initial; background-size: initial; background-repeat: initial; background-attachment: initial; background-origin: initial; background-clip: initial;\">干细胞作为一种新型的生物治疗手段，并不适用于所有的神经变性病患者，我们的研究方向是如何建立神经变性病干细胞移植治疗的临床诊断依据体系，并需要通过临床对比试验，寻找出最佳的适应证，形成科学的纳排标准。</span>\n</p>\n<p style=\"margin-top: 0px; margin-bottom: 0px; padding: 0px; text-indent: 28px;\">\n    <span style=\"margin: 0px; padding: 0px; font-family: 宋体; background-image: initial; background-position: initial; background-size: initial; background-repeat: initial; background-attachment: initial; background-origin: initial; background-clip: initial; font-size: 16px;\">4、干细胞治疗神经变性病的安全性、有效性评价体系与方法</span>\n</p>\n<p style=\"margin-top: 0px; margin-bottom: 0px; padding: 0px; text-indent: 28px;\">\n    <span style=\"margin: 0px; padding: 0px; font-family: 宋体; background-image: initial; background-position: initial; background-size: initial; background-repeat: initial; background-attachment: initial; background-origin: initial; background-clip: initial;\">我国目前对于干细胞治疗的临床安全性与有效性的评价多通过显效对比完成，缺乏科学、系统且具有公信力的评价体系。我们的研究方向是通过课题式临床对照实验，结合现代主流医学理论，分病种建立干细胞治疗神经变性病的安全性与有效性评价方法，以规范临床治疗路径。</span>\n</p>\n<p style=\"margin-top: 0px; margin-bottom: 0px; padding: 0px; text-indent: 28px;\">\n    <span style=\"margin: 0px; padding: 0px; font-family: 宋体; background-image: initial; background-position: initial; background-size: initial; background-repeat: initial; background-attachment: initial; background-origin: initial; background-clip: initial; font-size: 16px;\">5、干细胞结合其他方式综合治疗神经变性病的可行性与临床实验研究</span>\n</p>\n<p style=\"margin-top: 0px; margin-bottom: 0px; padding: 0px; text-indent: 28px;\">\n    <span style=\"margin: 0px; padding: 0px; font-family: 宋体; background-image: initial; background-position: initial; background-size: initial; background-repeat: initial; background-attachment: initial; background-origin: initial; background-clip: initial;\">神经变性病经过多年临床实践探索，已经形成其独特、稳定的治疗手段和体系，干细胞作为新兴生物技术，如何结合其他治疗手段并与之有效融合是我们需要面对的现实问题之一。因此我们的研究方向即是在现有治疗体系的基础上如何合理、规范地结合干细胞技术开展临床治疗。</span>\n</p>\n<p>\n    <br/>\n</p>\n<p style=\"margin-top: 0px; margin-bottom: 0px; padding: 0px; text-indent: 28px;\">\n    <span style=\"margin: 0px; padding: 0px; font-family: 宋体; background-image: initial; background-position: initial; background-size: initial; background-repeat: initial; background-attachment: initial; background-origin: initial; background-clip: initial;\">当然，由于干细胞是一种新生的生物医学技术，起步研究较晚，我国目前尚缺乏有效的行业引导与监管，政策方向不明，为我们开展临床研究和应用带来很大阻力。但我们相信，随着干细胞治疗的作用和成果被越来越多地证实，我们一定会迎来干细胞技术发展的美好明天。</span>\n</p>\n<p>\n    <br/>\n</p>',21),(17,'<p>\n    <strong style=\"margin: 0px; padding: 0px; font-family: 微软雅黑; font-size: 14px; text-align: justify; white-space: normal; widows: 1; background-color: rgb(255, 255, 255);\">会员管理</strong><br/><span style=\"font-family: 微软雅黑; font-size: 14px; text-align: justify; widows: 1; background-color: rgb(255, 255, 255);\">中国微循环学会神经变性病专业委员会（以下简称“学会”）是由中国微循环学会批准设立的全国性、学术性、非营利性的二级专业委员会。</span><br/><br/><strong style=\"margin: 0px; padding: 0px; font-family: 微软雅黑; font-size: 14px; text-align: justify; white-space: normal; widows: 1; background-color: rgb(255, 255, 255);\">第一章 &nbsp;总 则</strong><br/><strong style=\"margin: 0px; padding: 0px; font-family: 微软雅黑; font-size: 14px; text-align: justify; white-space: normal; widows: 1; background-color: rgb(255, 255, 255);\">第一条&nbsp;</strong><span style=\"font-family: 微软雅黑; font-size: 14px; text-align: justify; widows: 1; background-color: rgb(255, 255, 255);\">&nbsp;为了积极实现本会的宗旨，建立和完善以会员为主体的社团管理体制，进一步加强与广大会员的联系，热心为会员服务和取得会员对学会工作的支持，根据中国科学技术协会全国性学会组织通则和中国微循环学会神经变性病专业委员会章程的规定，特制定本会员管理制度。</span><br/><strong style=\"margin: 0px; padding: 0px; font-family: 微软雅黑; font-size: 14px; text-align: justify; white-space: normal; widows: 1; background-color: rgb(255, 255, 255);\">第二条&nbsp;</strong><span style=\"font-family: 微软雅黑; font-size: 14px; text-align: justify; widows: 1; background-color: rgb(255, 255, 255);\">&nbsp;中国微循环学会神经变性病专业委员会会员的入会、退会和日常活动的管理，适用本办法。</span><br/><strong style=\"margin: 0px; padding: 0px; font-family: 微软雅黑; font-size: 14px; text-align: justify; white-space: normal; widows: 1; background-color: rgb(255, 255, 255);\">第三条</strong><span style=\"font-family: 微软雅黑; font-size: 14px; text-align: justify; widows: 1; background-color: rgb(255, 255, 255);\">&nbsp; 学会会员种类：个人会员和团体会员。个人会员分为：主任委员、副主任委员、常务委员、委员、青年委员、会员；团体会员分为：理事长单位、理事单位、会员单位。</span><br/><strong style=\"margin: 0px; padding: 0px; font-family: 微软雅黑; font-size: 14px; text-align: justify; white-space: normal; widows: 1; background-color: rgb(255, 255, 255);\">第四条&nbsp;</strong><span style=\"font-family: 微软雅黑; font-size: 14px; text-align: justify; widows: 1; background-color: rgb(255, 255, 255);\">&nbsp;中国微循环学会神经变性病专业委员会会员管理，遵循严格审批、入会自愿、退会自由的原则。</span><br/><strong style=\"margin: 0px; padding: 0px; font-family: 微软雅黑; font-size: 14px; text-align: justify; white-space: normal; widows: 1; background-color: rgb(255, 255, 255);\">第五条&nbsp;</strong><span style=\"font-family: 微软雅黑; font-size: 14px; text-align: justify; widows: 1; background-color: rgb(255, 255, 255);\">&nbsp;中国微循环学会神经变性病专业委员会会员遵守国家法律法规和中国微循环学会神经变性病专业委员会《章程》的规定，积极参加学会活动，维护学会名誉，为促进我国神经变性病科研与临床事业发展作贡献。</span><br/><br/><strong style=\"margin: 0px; padding: 0px; font-family: 微软雅黑; font-size: 14px; text-align: justify; white-space: normal; widows: 1; background-color: rgb(255, 255, 255);\">第二章 &nbsp;个人会员（以下简称会员）</strong><br/><strong style=\"margin: 0px; padding: 0px; font-family: 微软雅黑; font-size: 14px; text-align: justify; white-space: normal; widows: 1; background-color: rgb(255, 255, 255);\">第六条</strong><span style=\"font-family: 微软雅黑; font-size: 14px; text-align: justify; widows: 1; background-color: rgb(255, 255, 255);\">&nbsp; 申请加入本学会的个人会员，必须承认中国微循环学会神经变性病专业委员会章程，自愿申请加入，并具备下列条件之一：</span><br/><span style=\"font-family: 微软雅黑; font-size: 14px; text-align: justify; widows: 1; background-color: rgb(255, 255, 255);\">（一）具有医生执业资格；</span><br/><span style=\"font-family: 微软雅黑; font-size: 14px; text-align: justify; widows: 1; background-color: rgb(255, 255, 255);\">（二）热心和积极支持学会工作的卫生行政干部，或从事医疗教育的教师；团体会员中符合条件的个人可同时申请加入个人会员。</span><br/><strong style=\"margin: 0px; padding: 0px; font-family: 微软雅黑; font-size: 14px; text-align: justify; white-space: normal; widows: 1; background-color: rgb(255, 255, 255);\">第七条</strong><span style=\"font-family: 微软雅黑; font-size: 14px; text-align: justify; widows: 1; background-color: rgb(255, 255, 255);\">&nbsp; 有意愿成为中国微循环学会神经变性病专业委员会会员者，应由本人填写并提交《中国微循环学会神经变性病专业委员会个人会员入会申请书》，经所在单位推荐，中国微循环学会神经变性病专业委员会审批后；由学会秘书处颁发个人会员证。新入会会员审批办理时间在每年第一季度。</span><br/><strong style=\"margin: 0px; padding: 0px; font-family: 微软雅黑; font-size: 14px; text-align: justify; white-space: normal; widows: 1; background-color: rgb(255, 255, 255);\">第八条</strong><span style=\"font-family: 微软雅黑; font-size: 14px; text-align: justify; widows: 1; background-color: rgb(255, 255, 255);\">&nbsp; 个人会员享有以下权利：</span><br/><span style=\"font-family: 微软雅黑; font-size: 14px; text-align: justify; widows: 1; background-color: rgb(255, 255, 255);\">（一）本会的选举权、被选举权和表决权；</span><br/><span style=\"font-family: 微软雅黑; font-size: 14px; text-align: justify; widows: 1; background-color: rgb(255, 255, 255);\">（二）参加本学会活动；</span><br/><span style=\"font-family: 微软雅黑; font-size: 14px; text-align: justify; widows: 1; background-color: rgb(255, 255, 255);\">（三）获得本学会服务的优先权；</span><br/><span style=\"font-family: 微软雅黑; font-size: 14px; text-align: justify; widows: 1; background-color: rgb(255, 255, 255);\">（四）享有对本会工作的批评、建议权和监督权；</span><br/><span style=\"font-family: 微软雅黑; font-size: 14px; text-align: justify; widows: 1; background-color: rgb(255, 255, 255);\">（五）在本会举办的刊物及各种学术会议上享有论文及信息发布的优先权；</span><br/><span style=\"font-family: 微软雅黑; font-size: 14px; text-align: justify; widows: 1; background-color: rgb(255, 255, 255);\">（六）入会自愿，退会自由。</span><br/><strong style=\"margin: 0px; padding: 0px; font-family: 微软雅黑; font-size: 14px; text-align: justify; white-space: normal; widows: 1; background-color: rgb(255, 255, 255);\">第九条</strong><span style=\"font-family: 微软雅黑; font-size: 14px; text-align: justify; widows: 1; background-color: rgb(255, 255, 255);\">&nbsp; 个人会员应履行以下义务：</span><br/><span style=\"font-family: 微软雅黑; font-size: 14px; text-align: justify; widows: 1; background-color: rgb(255, 255, 255);\">（一）遵守本会章程，执行本会的决议、决定；</span><br/><span style=\"font-family: 微软雅黑; font-size: 14px; text-align: justify; widows: 1; background-color: rgb(255, 255, 255);\">（二）维护本会的合法权益；</span><br/><span style=\"font-family: 微软雅黑; font-size: 14px; text-align: justify; widows: 1; background-color: rgb(255, 255, 255);\">（三）完成本会交办的工作任务；</span><br/><span style=\"font-family: 微软雅黑; font-size: 14px; text-align: justify; widows: 1; background-color: rgb(255, 255, 255);\">（四）参加本会组织的有关社会公益活动；</span><br/><span style=\"font-family: 微软雅黑; font-size: 14px; text-align: justify; widows: 1; background-color: rgb(255, 255, 255);\">（五）按期缴纳会费；</span><br/><span style=\"font-family: 微软雅黑; font-size: 14px; text-align: justify; widows: 1; background-color: rgb(255, 255, 255);\">（六）保守国家机密；</span><br/><span style=\"font-family: 微软雅黑; font-size: 14px; text-align: justify; widows: 1; background-color: rgb(255, 255, 255);\">（七）支持本会事业发展，反映情况，提供信息。</span><br/><br/><strong style=\"margin: 0px; padding: 0px; font-family: 微软雅黑; font-size: 14px; text-align: justify; white-space: normal; widows: 1; background-color: rgb(255, 255, 255);\">第三章 &nbsp;团体会员</strong><br/><strong style=\"margin: 0px; padding: 0px; font-family: 微软雅黑; font-size: 14px; text-align: justify; white-space: normal; widows: 1; background-color: rgb(255, 255, 255);\">第十条&nbsp;</strong><span style=\"font-family: 微软雅黑; font-size: 14px; text-align: justify; widows: 1; background-color: rgb(255, 255, 255);\">&nbsp;凡具有一定数量科技人员的医疗卫生、医学教育、医学科研机构、企业单位与社团，承认本会章程，愿意参加本会活动，支持本会工作，按时缴纳会费，均可成为本会团体会员。团体会员由宁波市护理学会直接发展和管理。</span><br/><strong style=\"margin: 0px; padding: 0px; font-family: 微软雅黑; font-size: 14px; text-align: justify; white-space: normal; widows: 1; background-color: rgb(255, 255, 255);\">第十一条&nbsp;</strong><span style=\"font-family: 微软雅黑; font-size: 14px; text-align: justify; widows: 1; background-color: rgb(255, 255, 255);\">&nbsp;凡有意成为本会团体会员的医疗卫生、医学教育、医学科研机构、企业单位与社会团体单位应提出申请，并填写《团体会员入会申请登记表》，报中国微循环学会神经变性病专业委员会批准，颁发证书。</span><br/><strong style=\"margin: 0px; padding: 0px; font-family: 微软雅黑; font-size: 14px; text-align: justify; white-space: normal; widows: 1; background-color: rgb(255, 255, 255);\">第十二条</strong><span style=\"font-family: 微软雅黑; font-size: 14px; text-align: justify; widows: 1; background-color: rgb(255, 255, 255);\">&nbsp; 团体会员享有以下权利：</span><br/><span style=\"font-family: 微软雅黑; font-size: 14px; text-align: justify; widows: 1; background-color: rgb(255, 255, 255);\">（一）优先参加本会组织的各类学术活动；</span><br/><span style=\"font-family: 微软雅黑; font-size: 14px; text-align: justify; widows: 1; background-color: rgb(255, 255, 255);\">（二）优先取得本会有关学术资料、技术咨询和会议信息；</span><br/><span style=\"font-family: 微软雅黑; font-size: 14px; text-align: justify; widows: 1; background-color: rgb(255, 255, 255);\">（三）优先协办本会举办的各类学术活动；</span><br/><span style=\"font-family: 微软雅黑; font-size: 14px; text-align: justify; widows: 1; background-color: rgb(255, 255, 255);\">（四）对本会工作提出意见和建议；</span><br/><span style=\"font-family: 微软雅黑; font-size: 14px; text-align: justify; widows: 1; background-color: rgb(255, 255, 255);\">（五）获得本会颁发的团体会员证书，在本会信息发布媒体上刊登有关单位信息；</span><br/><span style=\"font-family: 微软雅黑; font-size: 14px; text-align: justify; widows: 1; background-color: rgb(255, 255, 255);\">（六）商请本会协办正当的科技咨询活动（培训班、学习班等），召开各类学术研讨会和学术活动；</span><br/><span style=\"font-family: 微软雅黑; font-size: 14px; text-align: justify; widows: 1; background-color: rgb(255, 255, 255);\">（七）入会自愿，退会自由。</span><br/><strong style=\"margin: 0px; padding: 0px; font-family: 微软雅黑; font-size: 14px; text-align: justify; white-space: normal; widows: 1; background-color: rgb(255, 255, 255);\">第十三条&nbsp;</strong><span style=\"font-family: 微软雅黑; font-size: 14px; text-align: justify; widows: 1; background-color: rgb(255, 255, 255);\">&nbsp;团体会员须履行以下义务：</span><br/><span style=\"font-family: 微软雅黑; font-size: 14px; text-align: justify; widows: 1; background-color: rgb(255, 255, 255);\">（一）遵守本会章程，执行本会决议及接受本会委托的相关工作；</span><br/><span style=\"font-family: 微软雅黑; font-size: 14px; text-align: justify; widows: 1; background-color: rgb(255, 255, 255);\">（二）协助本会开展有关学术和科普活动；</span><br/><span style=\"font-family: 微软雅黑; font-size: 14px; text-align: justify; widows: 1; background-color: rgb(255, 255, 255);\">（三）为发展本会事业自愿捐赠及募集资金；</span><br/><span style=\"font-family: 微软雅黑; font-size: 14px; text-align: justify; widows: 1; background-color: rgb(255, 255, 255);\">（四）按期缴纳团体会员费。</span><br/><br/><strong style=\"margin: 0px; padding: 0px; font-family: 微软雅黑; font-size: 14px; text-align: justify; white-space: normal; widows: 1; background-color: rgb(255, 255, 255);\">第四章 &nbsp;会费管理</strong><br/><strong style=\"margin: 0px; padding: 0px; font-family: 微软雅黑; font-size: 14px; text-align: justify; white-space: normal; widows: 1; background-color: rgb(255, 255, 255);\">第十四条&nbsp;</strong><span style=\"font-family: 微软雅黑; font-size: 14px; text-align: justify; widows: 1; background-color: rgb(255, 255, 255);\">&nbsp;会费缴纳标准：</span><br/><span style=\"font-family: 微软雅黑; font-size: 14px; text-align: justify; widows: 1; background-color: rgb(255, 255, 255);\">（一）个人会员会费标准：个人会员免交会费（暂行）。</span><br/><span style=\"font-family: 微软雅黑; font-size: 14px; text-align: justify; widows: 1; background-color: rgb(255, 255, 255);\">（二）团体会员标准：理事长单位5000元/年，理事单位3000元/年，会员单位1000元/年。</span><br/><strong style=\"margin: 0px; padding: 0px; font-family: 微软雅黑; font-size: 14px; text-align: justify; white-space: normal; widows: 1; background-color: rgb(255, 255, 255);\">第十五条&nbsp;</strong><span style=\"font-family: 微软雅黑; font-size: 14px; text-align: justify; widows: 1; background-color: rgb(255, 255, 255);\">&nbsp;学会各类会员均在每年l2月31目前缴纳当年会费。</span><br/><strong style=\"margin: 0px; padding: 0px; font-family: 微软雅黑; font-size: 14px; text-align: justify; white-space: normal; widows: 1; background-color: rgb(255, 255, 255);\">第十六条&nbsp;</strong><span style=\"font-family: 微软雅黑; font-size: 14px; text-align: justify; widows: 1; background-color: rgb(255, 255, 255);\">&nbsp;会费用途：</span><br/><span style=\"font-family: 微软雅黑; font-size: 14px; text-align: justify; widows: 1; background-color: rgb(255, 255, 255);\">（一）用于本会开展的各类学术活动；</span><br/><span style=\"font-family: 微软雅黑; font-size: 14px; text-align: justify; widows: 1; background-color: rgb(255, 255, 255);\">（二）用于本学会会员的骨干培训学习；</span><br/><span style=\"font-family: 微软雅黑; font-size: 14px; text-align: justify; widows: 1; background-color: rgb(255, 255, 255);\">（三）用于本会举办的各种类型的专题讲座、继续医学教育、医学科普活动及其公益性活动；</span><br/><span style=\"font-family: 微软雅黑; font-size: 14px; text-align: justify; widows: 1; background-color: rgb(255, 255, 255);\">（四）用于奖励有学术成就的会员和优秀论文作者；</span><br/><span style=\"font-family: 微软雅黑; font-size: 14px; text-align: justify; widows: 1; background-color: rgb(255, 255, 255);\">（五）用于奖励有突出贡献的会员；</span><br/><span style=\"font-family: 微软雅黑; font-size: 14px; text-align: justify; widows: 1; background-color: rgb(255, 255, 255);\">（六）用于本会为会员服务的管理费用。</span><br/><strong style=\"margin: 0px; padding: 0px; font-family: 微软雅黑; font-size: 14px; text-align: justify; white-space: normal; widows: 1; background-color: rgb(255, 255, 255);\">第十七条 &nbsp;</strong><span style=\"font-family: 微软雅黑; font-size: 14px; text-align: justify; widows: 1; background-color: rgb(255, 255, 255);\">&nbsp;会费管理按中国微循环学会神经变性病专业委员会的有关财务制度执行。</span><br/><br/><strong style=\"margin: 0px; padding: 0px; font-family: 微软雅黑; font-size: 14px; text-align: justify; white-space: normal; widows: 1; background-color: rgb(255, 255, 255);\">第五章 &nbsp; 附则</strong><br/><strong style=\"margin: 0px; padding: 0px; font-family: 微软雅黑; font-size: 14px; text-align: justify; white-space: normal; widows: 1; background-color: rgb(255, 255, 255);\">第十八条&nbsp;</strong><span style=\"font-family: 微软雅黑; font-size: 14px; text-align: justify; widows: 1; background-color: rgb(255, 255, 255);\">&nbsp;退会程序和取消会员资格的规定：</span><br/><span style=\"font-family: 微软雅黑; font-size: 14px; text-align: justify; widows: 1; background-color: rgb(255, 255, 255);\">（一）会员有退会的自由。会员要求退会，应当经常务理事会讨论后宣布除名，并在护理学会备案。</span><br/><span style=\"font-family: 微软雅黑; font-size: 14px; text-align: justify; widows: 1; background-color: rgb(255, 255, 255);\">（二）各类会员两年不缴纳会费（免交会费者除外），按自动退会处理；并在中国微循环学会神经变性病专业委员会备案。</span><br/><span style=\"font-family: 微软雅黑; font-size: 14px; text-align: justify; widows: 1; background-color: rgb(255, 255, 255);\">（三）各类会员从事违反本会章程和有损本会声誉的一切活动，未经本会允许，擅自以本会名义从事商业活动，经常务委员会决定，取消其会员资格，宣布除名，收回会员证书，并在中国微循环学会神经变性病专业委员会备案。</span><br/><strong style=\"margin: 0px; padding: 0px; font-family: 微软雅黑; font-size: 14px; text-align: justify; white-space: normal; widows: 1; background-color: rgb(255, 255, 255);\">第十九条&nbsp;</strong><span style=\"font-family: 微软雅黑; font-size: 14px; text-align: justify; widows: 1; background-color: rgb(255, 255, 255);\">&nbsp;本办法自发布之日起施行。</span>\n</p>',27),(18,'<p style=\"margin-top: 0px; margin-bottom: 0px; padding: 0px; color: rgb(51, 51, 51); font-family: &quot;Microsoft YaHei&quot;; font-size: medium; white-space: normal; background-color: rgb(255, 255, 255); text-align: justify;\">\n    <span style=\"margin: 0px; padding: 0px; color: rgb(0, 0, 0);\"><span style=\"margin: 0px; padding: 0px; font-size: 14px;\"><span style=\"margin: 0px; padding: 0px; font-family: 微软雅黑;\">我们竭诚欢迎每一位有志于神经变性病科研与临床的医疗工作者加入北京神经变性病学会的大家庭，深入探讨神经变性病的致病原因、发病机理、临床诊治、预防控制、药品研发、诊疗技术等问题，踊跃交流、相互学习国内外神经变性病研究的新观点、新成果，深化学科协作与技术创新，以实现百家争鸣、吐故纳新，促进我国神经变性病的临床诊疗规范与科学发展。</span></span></span>\n</p>\n<h3 style=\"margin: 0px; padding: 0px; color: rgb(51, 51, 51); font-family: &quot;Microsoft YaHei&quot;; white-space: normal; background-color: rgb(255, 255, 255);\">\n    北京神经变性病学会入会申请表<span style=\"margin: 0px; padding: 0px;\">（填写完成后，请发送至学会邮箱nddc2016@163.com）</span>\n</h3>\n<p>\n    <br/>\n</p>',28),(19,'<p style=\"margin-top: 0px; margin-bottom: 0px; padding: 0px; text-indent: 28px;\">\n    <span style=\"margin: 0px; padding: 0px; font-family: 宋体; background-image: initial; background-position: initial; background-size: initial; background-repeat: initial; background-attachment: initial; background-origin: initial; background-clip: initial;\">中国微循环学会神经变性病专业委员会是一家非营利性学术机构，为确保委员会各项工作的顺利开展，现面向社会接受企业或个人的公益捐助。本学会承诺：接受的公益捐助将全部用于开展各类学术交流活动、社区公益巡讲或义诊活动、印制公益科普宣传资料、资助学会医疗创新或临床试验以及其它与神经变性病有关的公益慈善活动等。</span>\n</p>\n<p>\n    <br/>\n</p>\n<p style=\"margin-top: 0px; margin-bottom: 0px; padding: 0px; text-indent: 28px;\">\n    <span style=\"margin: 0px; padding: 0px; font-family: 宋体; background-image: initial; background-position: initial; background-size: initial; background-repeat: initial; background-attachment: initial; background-origin: initial; background-clip: initial;\">学会将本着公开、公平、公正的原则使用社会捐赠，接受捐赠者与社会监督。衷心感谢所有关心和支持本学会发展的社会各界善心企业与人士。</span>\n</p>\n<p>\n    <br/>\n</p>\n<p style=\"margin-top: 0px; margin-bottom: 0px; padding: 0px; text-indent: 28px;\">\n    <span style=\"margin: 0px; padding: 0px; font-family: 宋体; background-image: initial; background-position: initial; background-size: initial; background-repeat: initial; background-attachment: initial; background-origin: initial; background-clip: initial;\">捐赠形式：货币</span>\n</p>\n<p style=\"margin-top: 0px; margin-bottom: 0px; padding: 0px; text-indent: 28px;\">\n    <span style=\"margin: 0px; padding: 0px; font-family: 宋体; background-image: initial; background-position: initial; background-size: initial; background-repeat: initial; background-attachment: initial; background-origin: initial; background-clip: initial;\">收款账户：0200001009014432313</span>\n</p>\n<p style=\"margin-top: 0px; margin-bottom: 0px; padding: 0px; text-indent: 28px;\">\n    <span style=\"margin: 0px; padding: 0px; font-family: 宋体; background-image: initial; background-position: initial; background-size: initial; background-repeat: initial; background-attachment: initial; background-origin: initial; background-clip: initial;\">开户银行：中国工商银行北京东四南支行</span>\n</p>\n<p style=\"margin-top: 0px; margin-bottom: 0px; padding: 0px; text-indent: 28px;\">\n    <span style=\"margin: 0px; padding: 0px; font-family: 宋体; background-image: initial; background-position: initial; background-size: initial; background-repeat: initial; background-attachment: initial; background-origin: initial; background-clip: initial;\">账户名称：中国微循环学会</span>\n</p>\n<p style=\"margin-top: 0px; margin-bottom: 0px; padding: 0px; text-indent: 28px;\">\n    <span style=\"margin: 0px; padding: 0px; font-family: 宋体; background-image: initial; background-position: initial; background-size: initial; background-repeat: initial; background-attachment: initial; background-origin: initial; background-clip: initial;\">温馨提醒：请注明“神经变性病公益捐助”字样</span>\n</p>\n<p>\n    <br/>\n</p>\n<p style=\"margin-top: 0px; margin-bottom: 0px; padding: 0px; text-indent: 28px;\">\n    <br/>\n</p>\n<h3 style=\"margin: 0px; padding: 0px;\">\n    特别感谢\n</h3>\n<p>\n    <br/>\n</p>',29),(20,'<p style=\"margin-top: 0px; margin-bottom: 0px; padding: 0px; text-indent: 28px;\">\n    <span style=\"margin: 0px; padding: 0px; font-family: 宋体; background-image: initial; background-position: initial; background-size: initial; background-repeat: initial; background-attachment: initial; background-origin: initial; background-clip: initial;\">我愿意成为一名光荣的医疗工作志愿者。</span>\n</p>\n<p style=\"margin-top: 0px; margin-bottom: 0px; padding: 0px; text-indent: 28px;\">\n    <span style=\"margin: 0px; padding: 0px; font-family: 宋体; background-image: initial; background-position: initial; background-size: initial; background-repeat: initial; background-attachment: initial; background-origin: initial; background-clip: initial;\">我承诺：</span>\n</p>\n<p style=\"margin-top: 0px; margin-bottom: 0px; padding: 0px; text-indent: 28px;\">\n    <span style=\"margin: 0px; padding: 0px; font-family: 宋体; background-image: initial; background-position: initial; background-size: initial; background-repeat: initial; background-attachment: initial; background-origin: initial; background-clip: initial;\">尽己所能，不计报酬，帮助他人，</span>\n</p>\n<p style=\"margin-top: 0px; margin-bottom: 0px; padding: 0px; text-indent: 28px;\">\n    <span style=\"margin: 0px; padding: 0px; font-family: 宋体; background-image: initial; background-position: initial; background-size: initial; background-repeat: initial; background-attachment: initial; background-origin: initial; background-clip: initial;\">服务社会，践行志愿精神，</span>\n</p>\n<p style=\"margin-top: 0px; margin-bottom: 0px; padding: 0px; text-indent: 28px;\">\n    <span style=\"margin: 0px; padding: 0px; font-family: 宋体; background-image: initial; background-position: initial; background-size: initial; background-repeat: initial; background-attachment: initial; background-origin: initial; background-clip: initial;\">传播慈善文化，弘扬社会公益，</span>\n</p>\n<p style=\"margin-top: 0px; margin-bottom: 0px; padding: 0px; text-indent: 28px;\">\n    <span style=\"margin: 0px; padding: 0px; font-family: 宋体; background-image: initial; background-position: initial; background-size: initial; background-repeat: initial; background-attachment: initial; background-origin: initial; background-clip: initial;\">为建设团结互助、平等友爱、共同前进的和谐社会贡献力量。</span>\n</p>\n<p style=\"margin-top: 0px; margin-bottom: 0px; padding: 0px; text-indent: 28px;\">\n    <span style=\"margin: 0px; padding: 0px; font-family: 宋体; background-image: initial; background-position: initial; background-size: initial; background-repeat: initial; background-attachment: initial; background-origin: initial; background-clip: initial;\">志愿者精神</span>\n</p>\n<p>\n    <br/>\n</p>\n<p style=\"margin-top: 0px; margin-bottom: 0px; padding: 0px; text-indent: 28px;\">\n    <span style=\"margin: 0px; padding: 0px; font-family: 宋体; background-image: initial; background-position: initial; background-size: initial; background-repeat: initial; background-attachment: initial; background-origin: initial; background-clip: initial;\">志愿者精神：奉献、友爱、互助、进步。</span>\n</p>\n<p>\n    <br/>\n</p>\n<p style=\"margin-top: 0px; margin-bottom: 0px; padding: 0px; text-indent: 28px;\">\n    <span style=\"margin: 0px; padding: 0px; font-family: 宋体; background-image: initial; background-position: initial; background-size: initial; background-repeat: initial; background-attachment: initial; background-origin: initial; background-clip: initial;\">志愿者精神意指一种互助精神，它提倡“互相帮助、助人自助”。志愿者凭借自己的双手、头脑、知识、爱心开展各种志愿服务活动，帮助那些处于困难和危机中的人们。</span>\n</p>\n<p>\n    <br/>\n</p>\n<p style=\"margin-top: 0px; margin-bottom: 0px; padding: 0px; text-indent: 28px;\">\n    <span style=\"margin: 0px; padding: 0px; font-family: 宋体; background-image: initial; background-position: initial; background-size: initial; background-repeat: initial; background-attachment: initial; background-origin: initial; background-clip: initial;\">概述</span>\n</p>\n<p style=\"margin-top: 0px; margin-bottom: 0px; padding: 0px; text-indent: 28px;\">\n    <span style=\"margin: 0px; padding: 0px; font-family: 宋体; background-image: initial; background-position: initial; background-size: initial; background-repeat: initial; background-attachment: initial; background-origin: initial; background-clip: initial;\">前联合国秘书长科菲·安南在“2001国际志愿者年”启动仪式上的讲话中指出：“志愿精神的核心是服务、团结的理想和共同使这个世界变得更加美好的信念。从这个意义上说，志愿精神是联合国精神的最终体现。”这句话指出了志愿精神的本质，表达了人们对志愿服务的由衷赞美。1993年，团中央发起实施中国青年志愿者行动。1994年12月5日，胡锦涛同志在中国青年志愿者协会成立大会的贺词中指出，“使奉献、友爱、互助、进步的青年志愿者精神在青年一代中发扬光大”。当前，“奉献、友爱、互助、进步”的志愿者精神已广泛为社会所接受。</span>\n</p>\n<p>\n    <br/>\n</p>\n<p style=\"margin-top: 0px; margin-bottom: 0px; padding: 0px; text-indent: 28px;\">\n    <span style=\"margin: 0px; padding: 0px; font-family: 宋体; background-image: initial; background-position: initial; background-size: initial; background-repeat: initial; background-attachment: initial; background-origin: initial; background-clip: initial;\">奉献</span>\n</p>\n<p style=\"margin-top: 0px; margin-bottom: 0px; padding: 0px; text-indent: 28px;\">\n    <span style=\"margin: 0px; padding: 0px; font-family: 宋体; background-image: initial; background-position: initial; background-size: initial; background-repeat: initial; background-attachment: initial; background-origin: initial; background-clip: initial;\">“奉献”指恭敬地交付、呈献，即不求回报地付出。奉献精神是高尚的，是志愿服务精神的精髓。志愿者在不计报酬、不求名利、不要特权的情况下参与推动人类发展、促进社会进步的活动，这些都体现着高尚的奉献精神。1938年，白求恩大夫放弃优越的物质条件，不远万里从加拿大来到中国，为八路军提供医疗救治服务，帮助创办了军区卫生学校，亲自编写各种教材并讲课。1939年秋，他在抢救伤员时因不幸感染病毒而牺牲。白求恩大夫将自己的生命奉献给了中国，这种国际主义精神也是奉献精神的重要体现。</span>\n</p>\n<p>\n    <br/>\n</p>\n<p style=\"margin-top: 0px; margin-bottom: 0px; padding: 0px; text-indent: 28px;\">\n    <span style=\"margin: 0px; padding: 0px; font-family: 宋体; background-image: initial; background-position: initial; background-size: initial; background-repeat: initial; background-attachment: initial; background-origin: initial; background-clip: initial;\">互助</span>\n</p>\n<p style=\"margin-top: 0px; margin-bottom: 0px; padding: 0px; text-indent: 28px;\">\n    <span style=\"margin: 0px; padding: 0px; font-family: 宋体; background-image: initial; background-position: initial; background-size: initial; background-repeat: initial; background-attachment: initial; background-origin: initial; background-clip: initial;\">志愿服务包含着深刻的互助精神，它提倡“互相帮助、助人自助”。志愿者凭借自己的双手、头脑、知识、爱心开展各种志愿服务活动，帮助那些处于困难和危机中的人们。志愿服务者以“互助”精神唤醒了许多人内心的仁爱和慈善，使他们付出所余，持之以恒地真心奉献。“助人自助”帮助人们走出困境，自强自立，重返生活舞台。受助者获得生活的能力后，也会投入到关心他人、帮助他人、为社会做贡献的志愿活动中，这些志愿活动都涵盖着深刻的“互助”精神。</span>\n</p>\n<p>\n    <br/>\n</p>\n<p style=\"margin-top: 0px; margin-bottom: 0px; padding: 0px; text-indent: 28px;\">\n    <span style=\"margin: 0px; padding: 0px; font-family: 宋体; background-image: initial; background-position: initial; background-size: initial; background-repeat: initial; background-attachment: initial; background-origin: initial; background-clip: initial;\">进步</span>\n</p>\n<p style=\"margin-top: 0px; margin-bottom: 0px; padding: 0px; text-indent: 28px;\">\n    <span style=\"margin: 0px; padding: 0px; font-family: 宋体; background-image: initial; background-position: initial; background-size: initial; background-repeat: initial; background-attachment: initial; background-origin: initial; background-clip: initial;\">进步精神是志愿服务精神的重要组成部分，志愿者通过参与志愿服务，使自己的能力得到提高，同时促进了社会的进步。在志愿活动中无处不体现着“进步”的精神，正是这一精神使人们甘心付出，追求社会和谐之境的实现。</span>\n</p>\n<p>\n    <br/>\n</p>',30),(21,'<p style=\"margin-top: 0px; margin-bottom: 0px; padding: 0px; text-indent: 28px;\">\n    <span style=\"margin: 0px; padding: 0px; font-family: 黑体; background-image: initial; background-position: initial; background-size: initial; background-repeat: initial; background-attachment: initial; background-origin: initial; background-clip: initial; text-align: center; font-size: 20px;\">培养尖端医疗人才 践行中国健康梦</span>\n</p>\n<p style=\"margin-top: 0px; margin-bottom: 0px; padding: 0px; text-indent: 28px;\">\n    <span style=\"margin: 0px; padding: 0px; font-family: 宋体; background-image: initial; background-position: initial; background-size: initial; background-repeat: initial; background-attachment: initial; background-origin: initial; background-clip: initial;\">中国微循环学会神经变性病专业委员会肩负历史使命，承担促进我国神经变性病诊治规范发展与全面进步的重任，立志打造我国神经变性病领域第一专业学会，共筑中国医疗健康梦。专委会“未来计划”将提供实习平台，利用专委会庞大的协助体系和丰富的专家导师资源，为有志于神经变性病科研与临床发展方向的硕士研究生、博士研究生以及青年医生提供专业培养与进修机会，倾力培养中国自己的最高水平的行业发展后续梯队。</span>\n</p>\n<p>\n    <br/>\n</p>\n<p style=\"margin-top: 0px; margin-bottom: 0px; padding: 0px; text-indent: 28px;\">\n    <span style=\"margin: 0px; padding: 0px; font-family: 宋体; background-image: initial; background-position: initial; background-size: initial; background-repeat: initial; background-attachment: initial; background-origin: initial; background-clip: initial;\">如果你勤勉聪颖，对神经变性病领域有浓厚兴趣或独到想法；</span>\n</p>\n<p style=\"margin-top: 0px; margin-bottom: 0px; padding: 0px; text-indent: 28px;\">\n    <span style=\"margin: 0px; padding: 0px; font-family: 宋体; background-image: initial; background-position: initial; background-size: initial; background-repeat: initial; background-attachment: initial; background-origin: initial; background-clip: initial;\">如果你胸怀远大，对中国医疗崛起抱有同样的热忱；</span>\n</p>\n<p style=\"margin-top: 0px; margin-bottom: 0px; padding: 0px; text-indent: 28px;\">\n    <span style=\"margin: 0px; padding: 0px; font-family: 宋体; background-image: initial; background-position: initial; background-size: initial; background-repeat: initial; background-attachment: initial; background-origin: initial; background-clip: initial;\">如果你锐意进取，做中国未来医疗发展的领航者；</span>\n</p>\n<p style=\"margin-top: 0px; margin-bottom: 0px; padding: 0px; text-indent: 28px;\">\n    <span style=\"margin: 0px; padding: 0px; font-family: 宋体; background-image: initial; background-position: initial; background-size: initial; background-repeat: initial; background-attachment: initial; background-origin: initial; background-clip: initial;\">专委会诚邀您加入！</span>\n</p>\n<p>\n    <br/>\n</p>\n<p style=\"margin-top: 0px; margin-bottom: 0px; padding: 0px; text-indent: 28px;\">\n    <span style=\"margin: 0px; padding: 0px; font-family: 黑体; background-image: initial; background-position: initial; background-size: initial; background-repeat: initial; background-attachment: initial; background-origin: initial; background-clip: initial; font-size: 20px;\">一、申请者条件</span>\n</p>\n<p style=\"margin-top: 0px; margin-bottom: 0px; padding: 0px; text-indent: 28px;\">\n    <span style=\"margin: 0px; padding: 0px; font-family: 宋体; background-image: initial; background-position: initial; background-size: initial; background-repeat: initial; background-attachment: initial; background-origin: initial; background-clip: initial;\">1、医学专业大学本科计划考研、硕士研究生计划考博或博士研究生计划深造的在校学生；</span>\n</p>\n<p style=\"margin-top: 0px; margin-bottom: 0px; padding: 0px; text-indent: 28px;\">\n    <span style=\"margin: 0px; padding: 0px; font-family: 宋体; background-image: initial; background-position: initial; background-size: initial; background-repeat: initial; background-attachment: initial; background-origin: initial; background-clip: initial;\">2、致力于从事神经变性病科研或临床专业方向。</span>\n</p>\n<p>\n    <br/>\n</p>\n<p style=\"margin-top: 0px; margin-bottom: 0px; padding: 0px; text-indent: 28px;\">\n    <span style=\"margin: 0px; padding: 0px; font-family: 黑体; background-image: initial; background-position: initial; background-size: initial; background-repeat: initial; background-attachment: initial; background-origin: initial; background-clip: initial; font-size: 20px;\">二、培养方式</span>\n</p>\n<p style=\"margin-top: 0px; margin-bottom: 0px; padding: 0px; text-indent: 28px;\">\n    <span style=\"margin: 0px; padding: 0px; font-family: 宋体; background-image: initial; background-position: initial; background-size: initial; background-repeat: initial; background-attachment: initial; background-origin: initial; background-clip: initial;\">1、推荐导师；</span>\n</p>\n<p style=\"margin-top: 0px; margin-bottom: 0px; padding: 0px; text-indent: 28px;\">\n    <span style=\"margin: 0px; padding: 0px; font-family: 宋体; background-image: initial; background-position: initial; background-size: initial; background-repeat: initial; background-attachment: initial; background-origin: initial; background-clip: initial;\">2、推荐实习医院或实验室；</span>\n</p>\n<p style=\"margin-top: 0px; margin-bottom: 0px; padding: 0px; text-indent: 28px;\">\n    <span style=\"margin: 0px; padding: 0px; font-family: 宋体; background-image: initial; background-position: initial; background-size: initial; background-repeat: initial; background-attachment: initial; background-origin: initial; background-clip: initial;\">3、参与课题研究；</span>\n</p>\n<p style=\"margin-top: 0px; margin-bottom: 0px; padding: 0px; text-indent: 28px;\">\n    <span style=\"margin: 0px; padding: 0px; font-family: 宋体; background-image: initial; background-position: initial; background-size: initial; background-repeat: initial; background-attachment: initial; background-origin: initial; background-clip: initial;\">4、推荐就业。</span>\n</p>\n<p>\n    <br/>\n</p>\n<p style=\"margin-top: 0px; margin-bottom: 0px; padding: 0px; text-indent: 28px;\">\n    <span style=\"margin: 0px; padding: 0px; font-family: 黑体; background-image: initial; background-position: initial; background-size: initial; background-repeat: initial; background-attachment: initial; background-origin: initial; background-clip: initial; font-size: 20px;\">三、申请方式</span>\n</p>\n<p style=\"margin-top: 0px; margin-bottom: 0px; padding: 0px; text-indent: 28px;\">\n    <span style=\"margin: 0px; padding: 0px; font-family: 宋体; background-image: initial; background-position: initial; background-size: initial; background-repeat: initial; background-attachment: initial; background-origin: initial; background-clip: initial;\">1、将个人简历发送至app@chinanddc.org，在简历中注明“未来计划”字样；</span>\n</p>\n<p style=\"margin-top: 0px; margin-bottom: 0px; padding: 0px; text-indent: 28px;\">\n    <span style=\"margin: 0px; padding: 0px; font-family: 宋体; background-image: initial; background-position: initial; background-size: initial; background-repeat: initial; background-attachment: initial; background-origin: initial; background-clip: initial;\">2、邮寄个人简历至北京市朝阳区朝外大街18号丰联广场A2108 专委会秘书处收。信件中注明“未来计划”字样。邮政编码：100103</span>\n</p>\n<p>\n    <br/>\n</p>',31),(22,'<table width=\"660\"><tbody style=\"margin: 0px; padding: 0px;\"><tr style=\"margin: 0px; padding: 0px;\" class=\"firstRow\"><td align=\"left\" valign=\"middle\" style=\"margin: 0px; padding: 0px;\"><p style=\"text-indent: 2em;\"><span style=\"font-size: 16px; font-style: italic; font-weight: bold; color: rgb(51, 153, 204); line-height: 18px;\">&nbsp; &nbsp;</span></p><p style=\"text-indent: 2em;\"><span style=\"font-size: 16px; font-style: italic; font-weight: bold; color: rgb(51, 153, 204); line-height: 18px;\"><br/></span></p><p style=\"text-indent: 2em;\"><span style=\"font-size: 16px; font-style: italic; font-weight: bold; color: rgb(51, 153, 204); line-height: 18px;\">&nbsp; &nbsp; &nbsp; &nbsp; &nbsp; &nbsp; &nbsp;北京神经变性病学会</span></p><p style=\"text-indent: 2em;\">&nbsp; &nbsp; &nbsp; &nbsp; &nbsp; &nbsp; &nbsp;地址：北京市西城区长椿街45号宣武医院</p><p style=\"text-indent: 2em;\">&nbsp; &nbsp; &nbsp; &nbsp; &nbsp; &nbsp; &nbsp;电话：+86 10-83198277</p><p style=\"text-indent: 2em;\">&nbsp; &nbsp; &nbsp; &nbsp; &nbsp; &nbsp; &nbsp;邮件：488789589@qq.com</p><p style=\"text-indent: 2em;\">&nbsp; &nbsp; &nbsp; &nbsp; &nbsp; &nbsp; &nbsp;联系人：秘书处</p></td></tr></tbody></table><p><span style=\"font-size: 16px; font-style: italic; font-weight: bold; color: rgb(51, 153, 204); line-height: 18px;\"></span></p><p><br/></p><br/><p><br/></p>',32);

#
# Source for table "user"
#

CREATE TABLE `user` (
  `uid` int(11) NOT NULL AUTO_INCREMENT,
  `name` varchar(20) DEFAULT NULL,
  `sex` varchar(20) DEFAULT NULL,
  `birthday` datetime DEFAULT NULL,
  `certificates` varchar(20) DEFAULT NULL,
  `idenNumber` varchar(30) DEFAULT NULL,
  `phone` varchar(20) DEFAULT NULL,
  `work` varchar(100) DEFAULT NULL,
  `department` varchar(100) DEFAULT NULL,
  `post` varchar(50) DEFAULT NULL,
  `title` varchar(50) DEFAULT NULL,
  `highEducation` varchar(50) DEFAULT NULL,
  `major` varchar(50) DEFAULT NULL,
  `goodDirection` varchar(50) DEFAULT NULL,
  PRIMARY KEY (`uid`)
) ENGINE=InnoDB AUTO_INCREMENT=43 DEFAULT CHARSET=utf8;

#
# Data for table "user"
#

INSERT INTO `user` VALUES (2,'测试','2','2018-05-02 00:00:00','1','121212121212121212','13018319940','土地局','研发室','研发','研发员','6','农学','农学'),(3,'测试2','1','1985-05-02 00:00:00','1','132746358274950232','13673616538','旅游集团','导游团队','导游','导游员','4','旅游','旅游'),(4,'测试3','2','1994-03-04 00:00:00','1','123456789101112131','13453786422','杭州天阙','产品开发','软件开发','程序猿','5','计算机','计算机'),(5,'张三','2','2018-05-01 00:00:00','1','112222222222222222','13730359371','土地局','研发室','研发','研发员','1','农学','农学'),(29,'AA制','1','2017-06-03 00:00:00','1','123456789987654321','13730359371','土地局','研发室','研发','研发员','1','农学','农学'),(30,'测试4','1','2017-06-07 00:00:00','1','123456789987654321','13730359371','土地局','研发室','研发','研发员','1','农学','农学'),(31,'测试5','2','2017-06-08 00:00:00','1','123456789987654321','13018319940','土地局','研发室','研发','研发员','1','农学','农学'),(32,'测试6','2','2016-06-21 00:00:00','1','123456789987654321','13018319940','土地局','研发室','研发','研发员','1','农学','农学'),(33,'测试6','2','2018-06-20 00:00:00','1','123456789987654321','13018319940','土地局','研发室','研发','研发员','1','农学','农学'),(34,'测试7','1','2018-06-03 00:00:00','1','000000000000000000','13018319940','土地局','研发室','研发','研发员','1','农学','农学'),(35,'测试8','2','2018-06-15 00:00:00','1','123456789986543211','13730359371','医院','神经科','神经研究','医生','3','医学','医学'),(36,'测试9','2','2015-06-02 00:00:00','1','123456789987654321','13730359371','医院','神经科','神经学的研究','医生','7','神经学','神经学'),(37,'测试10','1','2018-05-25 00:00:00','1','123456789999999999','17777777777','石家庄医院','神经科','神经学研究','医生','7','神经学','神经学'),(38,'测试11','2','2015-06-01 00:00:00','1','112345678999999999','13730359371','秦皇岛医院','神经科','神经学研究','医生','7','医学','医学'),(39,'测试12','1','2014-06-05 00:00:00','1','123456789987654321','13730359371','承德医院','神经科','神经学研究','医生','4','医学','医学'),(40,'测试13','2','2018-06-02 00:00:00','1','123456789987654321','13730359371','张家口医院','神经科','神经学研究','医生','5','医学','医学'),(41,'测试22','2','2018-06-02 00:00:00','1','123456789987654321','13730359371','土地局','研发室','研发','研发员','6','农学','农学'),(42,'测试22','2','2018-06-02 00:00:00','1','123456789987654321','13730359371','土地局','研发室','研发','研发员','6','农学','农学');
